Variable Values,,,,
Value,,Label,,
survey,1202501,"Spring, 2025",,
country,2,Canada,,
,3,France,,
,4,Germany,,
,5,Greece,,
,6,Hungary,,
,7,Italy,,
,8,Netherlands,,
,9,Poland,,
,10,Spain,,
,11,Sweden,,
,12,UK,,
,13,Australia,,
,14,India,,
,15,Indonesia,,
,16,Japan,,
,17,South Korea,,
,18,Israel,,
,19,Turkey,,
,20,Kenya,,
,21,Nigeria,,
,22,South Africa,,
,23,Argentina,,
,24,Brazil,,
,25,Mexico,,
econ_sit,1,Very good,,
,2,Somewhat good,,
,3,Somewhat bad,,
,4,Very bad,,
,8,Don't know (DO NOT READ),,
,9,Refused (DO NOT READ),,
satisfied_democracy,1,Very satisfied,,
,2,Somewhat satisfied,,
,3,Not too satisfied,,
,4,Not at all satisfied,,
,8,Don't know (DO NOT READ),,
,9,Refused (DO NOT READ),,
polsys_satisfied,1,Very satisfied,,
,2,Somewhat satisfied,,
,3,Not too satisfied,,
,4,Not at all satisfied,,
,8,Don't know (DO NOT READ),,
,9,Refused (DO NOT READ),,
fav_us,1,Very favorable,,
,2,Somewhat favorable,,
,3,Somewhat unfavorable,,
,4,Very unfavorable,,
,8,Don't know (DO NOT READ),,
,9,Refused (DO NOT READ),,
fav_china,1,Very favorable,,
,2,Somewhat favorable,,
,3,Somewhat unfavorable,,
,4,Very unfavorable,,
,8,Don't know (DO NOT READ),,
,9,Refused (DO NOT READ),,
fav_eu,1,Very favorable,,
,2,Somewhat favorable,,
,3,Somewhat unfavorable,,
,4,Very unfavorable,,
,8,Don't know (DO NOT READ),,
,9,Refused (DO NOT READ),,
fav_un,1,Very favorable,,
,2,Somewhat favorable,,
,3,Somewhat unfavorable,,
,4,Very unfavorable,,
,8,Don't know (DO NOT READ),,
,9,Refused (DO NOT READ),,
fav_nato,1,Very favorable,,
,2,Somewhat favorable,,
,3,Somewhat unfavorable,,
,4,Very unfavorable,,
,8,Don't know (DO NOT READ),,
,9,Refused (DO NOT READ),,
fav_russia,1,Very favorable,,
,2,Somewhat favorable,,
,3,Somewhat unfavorable,,
,4,Very unfavorable,,
,8,Don't know (DO NOT READ),,
,9,Refused (DO NOT READ),,
fav_israel,1,Very favorable,,
,2,Somewhat favorable,,
,3,Somewhat unfavorable,,
,4,Very unfavorable,,
,8,Don't know (DO NOT READ),,
,9,Refused (DO NOT READ),,
fav_india,1,Very favorable,,
,2,Somewhat favorable,,
,3,Somewhat unfavorable,,
,4,Very unfavorable,,
,8,Don't know (DO NOT READ),,
,9,Refused (DO NOT READ),,
fav_safrica,1,Very favorable,,
,2,Somewhat favorable,,
,3,Somewhat unfavorable,,
,4,Very unfavorable,,
,8,Don't know (DO NOT READ),,
,9,Refused (DO NOT READ),,
fav_kenya,1,Very favorable,,
,2,Somewhat favorable,,
,3,Somewhat unfavorable,,
,4,Very unfavorable,,
,8,Don't know (DO NOT READ),,
,9,Refused (DO NOT READ),,
fav_nigeria,1,Very favorable,,
,2,Somewhat favorable,,
,3,Somewhat unfavorable,,
,4,Very unfavorable,,
,8,Don't know (DO NOT READ),,
,9,Refused (DO NOT READ),,
fav_pakistan,1,Very favorable,,
,2,Somewhat favorable,,
,3,Somewhat unfavorable,,
,4,Very unfavorable,,
,8,Don't know (DO NOT READ),,
,9,Refused (DO NOT READ),,
fav_bangladesh,1,Very favorable,,
,2,Somewhat favorable,,
,3,Somewhat unfavorable,,
,4,Very unfavorable,,
,8,Don't know (DO NOT READ),,
,9,Refused (DO NOT READ),,
fav_rahul_gandhi,1,Very favorable,,
,2,Somewhat favorable,,
,3,Somewhat unfavorable,,
,4,Very unfavorable,,
,8,Don't know (DO NOT READ),,
,9,Refused (DO NOT READ),,
fav_modi,1,Very favorable,,
,2,Somewhat favorable,,
,3,Somewhat unfavorable,,
,4,Very unfavorable,,
,8,Don't know (DO NOT READ),,
,9,Refused (DO NOT READ),,
fav_netanyahu,1,Very favorable,,
,2,Somewhat favorable,,
,3,Somewhat unfavorable,,
,4,Very unfavorable,,
,8,Don't know (DO NOT READ),,
,9,Refused (DO NOT READ),,
fav_lapid,1,Very favorable,,
,2,Somewhat favorable,,
,3,Somewhat unfavorable,,
,4,Very unfavorable,,
,8,Don't know (DO NOT READ),,
,9,Refused (DO NOT READ),,
fav_gantz,1,Very favorable,,
,2,Somewhat favorable,,
,3,Somewhat unfavorable,,
,4,Very unfavorable,,
,8,Don't know (DO NOT READ),,
,9,Refused (DO NOT READ),,
fav_obrador,1,Very favorable,,
,2,Somewhat favorable,,
,3,Somewhat unfavorable,,
,4,Very unfavorable,,
,8,Don't know (DO NOT READ),,
,9,Refused (DO NOT READ),,
fav_sheinbaum,1,Very favorable,,
,2,Somewhat favorable,,
,3,Somewhat unfavorable,,
,4,Very unfavorable,,
,8,Don't know (DO NOT READ),,
,9,Refused (DO NOT READ),,
fav_galvez,1,Very favorable,,
,2,Somewhat favorable,,
,3,Somewhat unfavorable,,
,4,Very unfavorable,,
,8,Don't know (DO NOT READ),,
,9,Refused (DO NOT READ),,
fav_ramaphosa,1,Very favorable,,
,2,Somewhat favorable,,
,3,Somewhat unfavorable,,
,4,Very unfavorable,,
,8,Don't know (DO NOT READ),,
,9,Refused (DO NOT READ),,
fav_steenhuisen,1,Very favorable,,
,2,Somewhat favorable,,
,3,Somewhat unfavorable,,
,4,Very unfavorable,,
,8,Don't know (DO NOT READ),,
,9,Refused (DO NOT READ),,
fav_zuma,1,Very favorable,,
,2,Somewhat favorable,,
,3,Somewhat unfavorable,,
,4,Very unfavorable,,
,8,Don't know (DO NOT READ),,
,9,Refused (DO NOT READ),,
fav_malema,1,Very favorable,,
,2,Somewhat favorable,,
,3,Somewhat unfavorable,,
,4,Very unfavorable,,
,8,Don't know (DO NOT READ),,
,9,Refused (DO NOT READ),,
partyfav_argentina_pro,1,Very favorable,,
,2,Somewhat favorable,,
,3,Somewhat unfavorable,,
,4,Very unfavorable,,
,8,Don't know (DO NOT READ),,
,9,Refused (DO NOT READ),,
partyfav_argentina_up,1,Very favorable,,
,2,Somewhat favorable,,
,3,Somewhat unfavorable,,
,4,Very unfavorable,,
,8,Don't know (DO NOT READ),,
,9,Refused (DO NOT READ),,
partyfav_argentina_avanza,1,Very favorable,,
,2,Somewhat favorable,,
,3,Somewhat unfavorable,,
,4,Very unfavorable,,
,8,Don't know (DO NOT READ),,
,9,Refused (DO NOT READ),,
partyfav_australia_labor,1,Very favourable,,
,2,Somewhat favourable,,
,3,Somewhat unfavourable,,
,4,Very unfavourable,,
,9,Don't know/Refused,,
partyfav_australia_liberal,1,Very favourable,,
,2,Somewhat favourable,,
,3,Somewhat unfavourable,,
,4,Very unfavourable,,
,9,Don't know/Refused,,
partyfav_australia_greens,1,Very favourable,,
,2,Somewhat favourable,,
,3,Somewhat unfavourable,,
,4,Very unfavourable,,
,9,Don't know/Refused,,
partyfav_australia_onenation,1,Very favourable,,
,2,Somewhat favourable,,
,3,Somewhat unfavourable,,
,4,Very unfavourable,,
,9,Don't know/Refused,,
partyfav_brazil_pl,1,Very favorable,,
,2,Somewhat favorable,,
,3,Somewhat unfavorable,,
,4,Very unfavorable,,
,8,Don't know (DO NOT READ),,
,9,Refused (DO NOT READ),,
partyfav_brazil_pt,1,Very favorable,,
,2,Somewhat favorable,,
,3,Somewhat unfavorable,,
,4,Very unfavorable,,
,8,Don't know (DO NOT READ),,
,9,Refused (DO NOT READ),,
partyfav_brazil_mdb,1,Very favorable,,
,2,Somewhat favorable,,
,3,Somewhat unfavorable,,
,4,Very unfavorable,,
,8,Don't know (DO NOT READ),,
,9,Refused (DO NOT READ),,
partyfav_brazil_republicans,1,Very favorable,,
,2,Somewhat favorable,,
,3,Somewhat unfavorable,,
,4,Very unfavorable,,
,8,Don't know (DO NOT READ),,
,9,Refused (DO NOT READ),,
partyfav_brazil_pp,1,Very favorable,,
,2,Somewhat favorable,,
,3,Somewhat unfavorable,,
,4,Very unfavorable,,
,8,Don't know (DO NOT READ),,
,9,Refused (DO NOT READ),,
partyfav_canada_lib,1,Very favorable,,
,2,Somewhat favorable,,
,3,Somewhat unfavorable,,
,4,Very unfavorable,,
,8,Don't know (DO NOT READ),,
,9,Refused (DO NOT READ),,
partyfav_canada_cons,1,Very favorable,,
,2,Somewhat favorable,,
,3,Somewhat unfavorable,,
,4,Very unfavorable,,
,8,Don't know (DO NOT READ),,
,9,Refused (DO NOT READ),,
partyfav_canada_ndp,1,Very favorable,,
,2,Somewhat favorable,,
,3,Somewhat unfavorable,,
,4,Very unfavorable,,
,8,Don't know (DO NOT READ),,
,9,Refused (DO NOT READ),,
partyfav_france_lesrepublicains,1,Very favorable,,
,2,Somewhat favorable,,
,3,Somewhat unfavorable,,
,4,Very unfavorable,,
,8,Don't know (DO NOT READ),,
,9,Refused (DO NOT READ),,
partyfav_france_socialistparty,1,Very favorable,,
,2,Somewhat favorable,,
,3,Somewhat unfavorable,,
,4,Very unfavorable,,
,8,Don't know (DO NOT READ),,
,9,Refused (DO NOT READ),,
partyfav_france_nationalrally,1,Very favorable,,
,2,Somewhat favorable,,
,3,Somewhat unfavorable,,
,4,Very unfavorable,,
,8,Don't know (DO NOT READ),,
,9,Refused (DO NOT READ),,
partyfav_france_renaissance,1,Very favorable,,
,2,Somewhat favorable,,
,3,Somewhat unfavorable,,
,4,Very unfavorable,,
,8,Don't know (DO NOT READ),,
,9,Refused (DO NOT READ),,
partyfav_france_insoumise,1,Very favorable,,
,2,Somewhat favorable,,
,3,Somewhat unfavorable,,
,4,Very unfavorable,,
,8,Don't know (DO NOT READ),,
,9,Refused (DO NOT READ),,
partyfav_germany_cdu,1,Very favorable,,
,2,Somewhat favorable,,
,3,Somewhat unfavorable,,
,4,Very unfavorable,,
,8,Don't know (DO NOT READ),,
,9,Refused (DO NOT READ),,
partyfav_germany_spd,1,Very favorable,,
,2,Somewhat favorable,,
,3,Somewhat unfavorable,,
,4,Very unfavorable,,
,8,Don't know (DO NOT READ),,
,9,Refused (DO NOT READ),,
partyfav_germany_afd,1,Very favorable,,
,2,Somewhat favorable,,
,3,Somewhat unfavorable,,
,4,Very unfavorable,,
,8,Don't know (DO NOT READ),,
,9,Refused (DO NOT READ),,
partyfav_germany_greens,1,Very favorable,,
,2,Somewhat favorable,,
,3,Somewhat unfavorable,,
,4,Very unfavorable,,
,8,Don't know (DO NOT READ),,
,9,Refused (DO NOT READ),,
partyfav_germany_fdp,1,Very favorable,,
,2,Somewhat favorable,,
,3,Somewhat unfavorable,,
,4,Very unfavorable,,
,8,Don't know (DO NOT READ),,
,9,Refused (DO NOT READ),,
partyfav_greece_syriza,1,Very favorable,,
,2,Somewhat favorable,,
,3,Somewhat unfavorable,,
,4,Very unfavorable,,
,8,Don't know (DO NOT READ),,
,9,Refused (DO NOT READ),,
partyfav_greece_newdemocracy,1,Very favorable,,
,2,Somewhat favorable,,
,3,Somewhat unfavorable,,
,4,Very unfavorable,,
,8,Don't know (DO NOT READ),,
,9,Refused (DO NOT READ),,
partyfav_greece_pasokkinal,1,Very favorable,,
,2,Somewhat favorable,,
,3,Somewhat unfavorable,,
,4,Very unfavorable,,
,8,Don't know (DO NOT READ),,
,9,Refused (DO NOT READ),,
partyfav_greece_solution,1,Very favorable,,
,2,Somewhat favorable,,
,3,Somewhat unfavorable,,
,4,Very unfavorable,,
,8,Don't know (DO NOT READ),,
,9,Refused (DO NOT READ),,
partyfav_greece_spartans,1,Very favorable,,
,2,Somewhat favorable,,
,3,Somewhat unfavorable,,
,4,Very unfavorable,,
,8,Don't know (DO NOT READ),,
,9,Refused (DO NOT READ),,
partyfav_greece_communist,1,Very favorable,,
,2,Somewhat favorable,,
,3,Somewhat unfavorable,,
,4,Very unfavorable,,
,8,Don't know (DO NOT READ),,
,9,Refused (DO NOT READ),,
partyfav_hungary_fidesz,1,Very favorable,,
,2,Somewhat favorable,,
,3,Somewhat unfavorable,,
,4,Very unfavorable,,
,8,Don't know (DO NOT READ),,
,9,Refused (DO NOT READ),,
partyfav_hungary_mszp,1,Very favorable,,
,2,Somewhat favorable,,
,3,Somewhat unfavorable,,
,4,Very unfavorable,,
,8,Don't know (DO NOT READ),,
,9,Refused (DO NOT READ),,
partyfav_hungary_jobbik,1,Very favorable,,
,2,Somewhat favorable,,
,3,Somewhat unfavorable,,
,4,Very unfavorable,,
,8,Don't know (DO NOT READ),,
,9,Refused (DO NOT READ),,
partyfav_hungary_dk,1,Very favorable,,
,2,Somewhat favorable,,
,3,Somewhat unfavorable,,
,4,Very unfavorable,,
,8,Don't know (DO NOT READ),,
,9,Refused (DO NOT READ),,
partyfav_hungary_tisza,1,Very favorable,,
,2,Somewhat favorable,,
,3,Somewhat unfavorable,,
,4,Very unfavorable,,
,8,Don't know (DO NOT READ),,
,9,Refused (DO NOT READ),,
partyfav_india_bjp,1,Very favorable,,
,2,Somewhat favorable,,
,3,Somewhat unfavorable,,
,4,Very unfavorable,,
,8,Don't know (DO NOT READ),,
,9,Refused (DO NOT READ),,
partyfav_india_inc,1,Very favorable,,
,2,Somewhat favorable,,
,3,Somewhat unfavorable,,
,4,Very unfavorable,,
,8,Don't know (DO NOT READ),,
,9,Refused (DO NOT READ),,
partyfav_indonesia_pdip,1,Very favorable,,
,2,Somewhat favorable,,
,3,Somewhat unfavorable,,
,4,Very unfavorable,,
,8,Don't know (DO NOT READ),,
,9,Refused (DO NOT READ),,
partyfav_indonesia_gerindra,1,Very favorable,,
,2,Somewhat favorable,,
,3,Somewhat unfavorable,,
,4,Very unfavorable,,
,8,Don't know (DO NOT READ),,
,9,Refused (DO NOT READ),,
partyfav_indonesia_golkar,1,Very favorable,,
,2,Somewhat favorable,,
,3,Somewhat unfavorable,,
,4,Very unfavorable,,
,8,Don't know (DO NOT READ),,
,9,Refused (DO NOT READ),,
partyfav_indonesia_demokrat,1,Very favorable,,
,2,Somewhat favorable,,
,3,Somewhat unfavorable,,
,4,Very unfavorable,,
,8,Don't know (DO NOT READ),,
,9,Refused (DO NOT READ),,
partyfav_indonesia_nasdem,1,Very favorable,,
,2,Somewhat favorable,,
,3,Somewhat unfavorable,,
,4,Very unfavorable,,
,8,Don't know (DO NOT READ),,
,9,Refused (DO NOT READ),,
partyfav_israel_likud,1,Very favorable,,
,2,Somewhat favorable,,
,3,Somewhat unfavorable,,
,4,Very unfavorable,,
,8,Don't know (DO NOT READ),,
,9,Refused (DO NOT READ),,
partyfav_israel_yeshatid,1,Very favorable,,
,2,Somewhat favorable,,
,3,Somewhat unfavorable,,
,4,Very unfavorable,,
,8,Don't know (DO NOT READ),,
,9,Refused (DO NOT READ),,
partyfav_israel_raam,1,Very favorable,,
,2,Somewhat favorable,,
,3,Somewhat unfavorable,,
,4,Very unfavorable,,
,8,Don't know (DO NOT READ),,
,9,Refused (DO NOT READ),,
partyfav_israel_unity,1,Very favorable,,
,2,Somewhat favorable,,
,3,Somewhat unfavorable,,
,4,Very unfavorable,,
,8,Don't know (DO NOT READ),,
,9,Refused (DO NOT READ),,
partyfav_israel_rz,1,Very favorable,,
,2,Somewhat favorable,,
,3,Somewhat unfavorable,,
,4,Very unfavorable,,
,8,Don't know (DO NOT READ),,
,9,Refused (DO NOT READ),,
partyfav_israel_otzma,1,Very favorable,,
,2,Somewhat favorable,,
,3,Somewhat unfavorable,,
,4,Very unfavorable,,
,8,Don't know (DO NOT READ),,
,9,Refused (DO NOT READ),,
partyfav_italy_forza,1,Very favorable,,
,2,Somewhat favorable,,
,3,Somewhat unfavorable,,
,4,Very unfavorable,,
,8,Don't know (DO NOT READ),,
,9,Refused (DO NOT READ),,
partyfav_italy_demparty,1,Very favorable,,
,2,Somewhat favorable,,
,3,Somewhat unfavorable,,
,4,Very unfavorable,,
,8,Don't know (DO NOT READ),,
,9,Refused (DO NOT READ),,
partyfav_italy_5star,1,Very favorable,,
,2,Somewhat favorable,,
,3,Somewhat unfavorable,,
,4,Very unfavorable,,
,8,Don't know (DO NOT READ),,
,9,Refused (DO NOT READ),,
partyfav_italy_lega,1,Very favorable,,
,2,Somewhat favorable,,
,3,Somewhat unfavorable,,
,4,Very unfavorable,,
,8,Don't know (DO NOT READ),,
,9,Refused (DO NOT READ),,
partyfav_italy_fdi,1,Very favorable,,
,2,Somewhat favorable,,
,3,Somewhat unfavorable,,
,4,Very unfavorable,,
,8,Don't know (DO NOT READ),,
,9,Refused (DO NOT READ),,
partyfav_japan_ldp,1,Very favorable,,
,2,Somewhat favorable,,
,3,Somewhat unfavorable,,
,4,Very unfavorable,,
,8,Don't know (DO NOT READ),,
,9,Refused (DO NOT READ),,
partyfav_japan_cdp,1,Very favorable,,
,2,Somewhat favorable,,
,3,Somewhat unfavorable,,
,4,Very unfavorable,,
,8,Don't know (DO NOT READ),,
,9,Refused (DO NOT READ),,
partyfav_japan_komeito,1,Very favorable,,
,2,Somewhat favorable,,
,3,Somewhat unfavorable,,
,4,Very unfavorable,,
,8,Don't know (DO NOT READ),,
,9,Refused (DO NOT READ),,
partyfav_japan_ishin,1,Very favorable,,
,2,Somewhat favorable,,
,3,Somewhat unfavorable,,
,4,Very unfavorable,,
,8,Don't know (DO NOT READ),,
,9,Refused (DO NOT READ),,
partyfav_kenya_jubilee,1,Very favorable,,
,2,Somewhat favorable,,
,3,Somewhat unfavorable,,
,4,Very unfavorable,,
,8,Don't know (DO NOT READ),,
,9,Refused (DO NOT READ),,
partyfav_kenya_uda,1,Very favorable,,
,2,Somewhat favorable,,
,3,Somewhat unfavorable,,
,4,Very unfavorable,,
,8,Don't know (DO NOT READ),,
,9,Refused (DO NOT READ),,
partyfav_kenya_odm,1,Very favorable,,
,2,Somewhat favorable,,
,3,Somewhat unfavorable,,
,4,Very unfavorable,,
,8,Don't know (DO NOT READ),,
,9,Refused (DO NOT READ),,
partyfav_mexico_pan,1,Very favorable,,
,2,Somewhat favorable,,
,3,Somewhat unfavorable,,
,4,Very unfavorable,,
,8,Don't know (DO NOT READ),,
,9,Refused (DO NOT READ),,
partyfav_mexico_pri,1,Very favorable,,
,2,Somewhat favorable,,
,3,Somewhat unfavorable,,
,4,Very unfavorable,,
,8,Don't know (DO NOT READ),,
,9,Refused (DO NOT READ),,
partyfav_mexico_morena,1,Very favorable,,
,2,Somewhat favorable,,
,3,Somewhat unfavorable,,
,4,Very unfavorable,,
,8,Don't know (DO NOT READ),,
,9,Refused (DO NOT READ),,
partyfav_mexico_prd,1,Very favorable,,
,2,Somewhat favorable,,
,3,Somewhat unfavorable,,
,4,Very unfavorable,,
,8,Don't know (DO NOT READ),,
,9,Refused (DO NOT READ),,
partyfav_mexico_mc,1,Very favorable,,
,2,Somewhat favorable,,
,3,Somewhat unfavorable,,
,4,Very unfavorable,,
,8,Don't know (DO NOT READ),,
,9,Refused (DO NOT READ),,
partyfav_netherlands_vvd,1,Very favorable,,
,2,Somewhat favorable,,
,3,Somewhat unfavorable,,
,4,Very unfavorable,,
,8,Don't know (DO NOT READ),,
,9,Refused (DO NOT READ),,
partyfav_netherlands_glpvda,1,Very favorable,,
,2,Somewhat favorable,,
,3,Somewhat unfavorable,,
,4,Very unfavorable,,
,8,Don't know (DO NOT READ),,
,9,Refused (DO NOT READ),,
partyfav_netherlands_pvv,1,Very favorable,,
,2,Somewhat favorable,,
,3,Somewhat unfavorable,,
,4,Very unfavorable,,
,8,Don't know (DO NOT READ),,
,9,Refused (DO NOT READ),,
partyfav_netherlands_nsc,1,Very favorable,,
,2,Somewhat favorable,,
,3,Somewhat unfavorable,,
,4,Very unfavorable,,
,8,Don't know (DO NOT READ),,
,9,Refused (DO NOT READ),,
partyfav_netherlands_dem66,1,Very favorable,,
,2,Somewhat favorable,,
,3,Somewhat unfavorable,,
,4,Very unfavorable,,
,8,Don't know (DO NOT READ),,
,9,Refused (DO NOT READ),,
partyfav_nigeria_apc,1,Very favorable,,
,2,Somewhat favorable,,
,3,Somewhat unfavorable,,
,4,Very unfavorable,,
,8,Don't know (DO NOT READ),,
,9,Refused (DO NOT READ),,
partyfav_nigeria_pdp,1,Very favorable,,
,2,Somewhat favorable,,
,3,Somewhat unfavorable,,
,4,Very unfavorable,,
,8,Don't know (DO NOT READ),,
,9,Refused (DO NOT READ),,
partyfav_nigeria_apga,1,Very favorable,,
,2,Somewhat favorable,,
,3,Somewhat unfavorable,,
,4,Very unfavorable,,
,8,Don't know (DO NOT READ),,
,9,Refused (DO NOT READ),,
partyfav_nigeria_lp,1,Very favorable,,
,2,Somewhat favorable,,
,3,Somewhat unfavorable,,
,4,Very unfavorable,,
,8,Don't know (DO NOT READ),,
,9,Refused (DO NOT READ),,
partyfav_poland_pis,1,Very favorable,,
,2,Somewhat favorable,,
,3,Somewhat unfavorable,,
,4,Very unfavorable,,
,8,Don't know (DO NOT READ),,
,9,Refused (DO NOT READ),,
partyfav_poland_ko,1,Very favorable,,
,2,Somewhat favorable,,
,3,Somewhat unfavorable,,
,4,Very unfavorable,,
,8,Don't know (DO NOT READ),,
,9,Refused (DO NOT READ),,
partyfav_poland_lewica,1,Very favorable,,
,2,Somewhat favorable,,
,3,Somewhat unfavorable,,
,4,Very unfavorable,,
,8,Don't know (DO NOT READ),,
,9,Refused (DO NOT READ),,
partyfav_safrica_anc,1,Very favorable,,
,2,Somewhat favorable,,
,3,Somewhat unfavorable,,
,4,Very unfavorable,,
,8,Don't know (DO NOT READ),,
,9,Refused (DO NOT READ),,
partyfav_safrica_da,1,Very favorable,,
,2,Somewhat favorable,,
,3,Somewhat unfavorable,,
,4,Very unfavorable,,
,8,Don't know (DO NOT READ),,
,9,Refused (DO NOT READ),,
partyfav_safrica_eff,1,Very favorable,,
,2,Somewhat favorable,,
,3,Somewhat unfavorable,,
,4,Very unfavorable,,
,8,Don't know (DO NOT READ),,
,9,Refused (DO NOT READ),,
partyfav_safrica_mk,1,Very favorable,,
,2,Somewhat favorable,,
,3,Somewhat unfavorable,,
,4,Very unfavorable,,
,8,Don't know (DO NOT READ),,
,9,Refused (DO NOT READ),,
partyfav_spain_pp,1,Very favorable,,
,2,Somewhat favorable,,
,3,Somewhat unfavorable,,
,4,Very unfavorable,,
,8,Don't know (DO NOT READ),,
,9,Refused (DO NOT READ),,
partyfav_spain_psoe,1,Very favorable,,
,2,Somewhat favorable,,
,3,Somewhat unfavorable,,
,4,Very unfavorable,,
,8,Don't know (DO NOT READ),,
,9,Refused (DO NOT READ),,
partyfav_spain_podemos,1,Very favorable,,
,2,Somewhat favorable,,
,3,Somewhat unfavorable,,
,4,Very unfavorable,,
,8,Don't know (DO NOT READ),,
,9,Refused (DO NOT READ),,
partyfav_spain_vox,1,Very favorable,,
,2,Somewhat favorable,,
,3,Somewhat unfavorable,,
,4,Very unfavorable,,
,8,Don't know (DO NOT READ),,
,9,Refused (DO NOT READ),,
partyfav_spain_sumar,1,Very favorable,,
,2,Somewhat favorable,,
,3,Somewhat unfavorable,,
,4,Very unfavorable,,
,8,Don't know (DO NOT READ),,
,9,Refused (DO NOT READ),,
partyfav_sweden_sap,1,Very favorable,,
,2,Somewhat favorable,,
,3,Somewhat unfavorable,,
,4,Very unfavorable,,
,8,Don't know (DO NOT READ),,
,9,Refused (DO NOT READ),,
partyfav_sweden_moderateparty,1,Very favorable,,
,2,Somewhat favorable,,
,3,Somewhat unfavorable,,
,4,Very unfavorable,,
,8,Don't know (DO NOT READ),,
,9,Refused (DO NOT READ),,
partyfav_sweden_swedendems,1,Very favorable,,
,2,Somewhat favorable,,
,3,Somewhat unfavorable,,
,4,Very unfavorable,,
,8,Don't know (DO NOT READ),,
,9,Refused (DO NOT READ),,
partyfav_turkey_akp,1,Very favorable,,
,2,Somewhat favorable,,
,3,Somewhat unfavorable,,
,4,Very unfavorable,,
,8,Don't know (DO NOT READ),,
,9,Refused (DO NOT READ),,
partyfav_turkey_chp,1,Very favorable,,
,2,Somewhat favorable,,
,3,Somewhat unfavorable,,
,4,Very unfavorable,,
,8,Don't know (DO NOT READ),,
,9,Refused (DO NOT READ),,
partyfav_turkey_mhp,1,Very favorable,,
,2,Somewhat favorable,,
,3,Somewhat unfavorable,,
,4,Very unfavorable,,
,8,Don't know (DO NOT READ),,
,9,Refused (DO NOT READ),,
partyfav_turkey_iyi,1,Very favorable,,
,2,Somewhat favorable,,
,3,Somewhat unfavorable,,
,4,Very unfavorable,,
,8,Don't know (DO NOT READ),,
,9,Refused (DO NOT READ),,
partyfav_turkey_dem,1,Very favorable,,
,2,Somewhat favorable,,
,3,Somewhat unfavorable,,
,4,Very unfavorable,,
,8,Don't know (DO NOT READ),,
,9,Refused (DO NOT READ),,
partyfav_uk_conservative,1,Very favourable,,
,2,Somewhat favourable,,
,3,Somewhat unfavourable,,
,4,Very unfavourable,,
,8,Don't know (DO NOT READ),,
,9,Refused (DO NOT READ),,
partyfav_uk_labour,1,Very favourable,,
,2,Somewhat favourable,,
,3,Somewhat unfavourable,,
,4,Very unfavourable,,
,8,Don't know (DO NOT READ),,
,9,Refused (DO NOT READ),,
partyfav_uk_libdems,1,Very favourable,,
,2,Somewhat favourable,,
,3,Somewhat unfavourable,,
,4,Very unfavourable,,
,8,Don't know (DO NOT READ),,
,9,Refused (DO NOT READ),,
partyfav_uk_brexit,1,Very favourable,,
,2,Somewhat favourable,,
,3,Somewhat unfavourable,,
,4,Very unfavourable,,
,8,Don't know (DO NOT READ),,
,9,Refused (DO NOT READ),,
fav_mazen,1,Very favorable,,
,2,Somewhat favorable,,
,3,Somewhat unfavorable,,
,4,Very unfavorable,,
,8,Don't know (DO NOT READ),,
,9,Refused (DO NOT READ),,
fav_barghouti,1,Very favorable,,
,2,Somewhat favorable,,
,3,Somewhat unfavorable,,
,4,Very unfavorable,,
,8,Don't know (DO NOT READ),,
,9,Refused (DO NOT READ),,
confid_trump,1,A lot of confidence,,
,2,Some confidence,,
,3,Not too much confidence,,
,4,No confidence at all,,
,5,Never heard of this person [Include in Australia and the U.S. only],,
,8,Don't know (DO NOT READ),,
,9,Refused (DO NOT READ),,
confid_trump_dk,1,A lot of confidence,,
,2,Some confidence,,
,3,Not too much confidence,,
,4,No confidence at all,,
,5,Never heard of this person,,
,9,Don't know/Refused,,
confid_xi,1,A lot of confidence,,
,2,Some confidence,,
,3,Not too much confidence,,
,4,No confidence at all,,
,5,Never heard of this person [Include in Australia and the U.S. only],,
,8,Don't know (DO NOT READ),,
,9,Refused (DO NOT READ),,
confid_xi_dk,1,A lot of confidence,,
,2,Some confidence,,
,3,Not too much confidence,,
,4,No confidence at all,,
,5,Never heard of this person,,
,9,Don't know/Refused,,
confid_putin,1,A lot of confidence,,
,2,Some confidence,,
,3,Not too much confidence,,
,4,No confidence at all,,
,5,Never heard of this person [Include in Australia and the U.S. only],,
,8,Don't know (DO NOT READ),,
,9,Refused (DO NOT READ),,
confid_putin_dk,1,A lot of confidence,,
,2,Some confidence,,
,3,Not too much confidence,,
,4,No confidence at all,,
,5,Never heard of this person,,
,9,Don't know/Refused,,
confid_macron,1,A lot of confidence,,
,2,Some confidence,,
,3,Not too much confidence,,
,4,No confidence at all,,
,5,Never heard of this person [Include in Australia and the U.S. only],,
,8,Don't know (DO NOT READ),,
,9,Refused (DO NOT READ),,
confid_macron_dk,1,A lot of confidence,,
,2,Some confidence,,
,3,Not too much confidence,,
,4,No confidence at all,,
,5,Never heard of this person,,
,9,Don't know/Refused,,
confid_netanyahu,1,A lot of confidence,,
,2,Some confidence,,
,3,Not too much confidence,,
,4,No confidence at all,,
,5,Never heard of this person [Include in Australia and the U.S. only],,
,8,Don't know (DO NOT READ),,
,9,Refused (DO NOT READ),,
confid_netanyahu_dk,1,A lot of confidence,,
,2,Some confidence,,
,3,Not too much confidence,,
,4,No confidence at all,,
,5,Never heard of this person,,
,9,Don't know/Refused,,
confid_zelenskyy,1,A lot of confidence,,
,2,Some confidence,,
,3,Not too much confidence,,
,4,No confidence at all,,
,5,Never heard of this person [Include in Australia and the U.S. only],,
,8,Don't know (DO NOT READ),,
,9,Refused (DO NOT READ),,
confid_zelenskyy_dk,1,A lot of confidence,,
,2,Some confidence,,
,3,Not too much confidence,,
,4,No confidence at all,,
,5,Never heard of this person,,
,9,Don't know/Refused,,
trump_personality_qualified,1,Yes,,
,2,No,,
,8,Don't know (DO NOT READ),,
,9,Refused (DO NOT READ),,
trump_personality_strong,1,Yes,,
,2,No,,
,8,Don't know (DO NOT READ),,
,9,Refused (DO NOT READ),,
trump_personality_honest,1,Yes,,
,2,No,,
,8,Don't know (DO NOT READ),,
,9,Refused (DO NOT READ),,
trump_personality_dangerous,1,Yes,,
,2,No,,
,8,Don't know (DO NOT READ),,
,9,Refused (DO NOT READ),,
trump_personality_complex,1,Yes,,
,2,No,,
,8,Don't know (DO NOT READ),,
,9,Refused (DO NOT READ),,
trump_personality_diplomatic,1,Yes,,
,2,No,,
,8,Don't know (DO NOT READ),,
,9,Refused (DO NOT READ),,
trump_personality_arrogant,1,Yes,,
,2,No,,
,8,Don't know (DO NOT READ),,
,9,Refused (DO NOT READ),,
trump_handling_econ,1,A lot of confidence,,
,2,Some confidence,,
,3,Not too much confidence,,
,4,No confidence at all,,
,8,Don't know (DO NOT READ),,
,9,Refused (DO NOT READ),,
trump_handling_climate,1,A lot of confidence,,
,2,Some confidence,,
,3,Not too much confidence,,
,4,No confidence at all,,
,8,Don't know (DO NOT READ),,
,9,Refused (DO NOT READ),,
trump_handling_china,1,A lot of confidence,,
,2,Some confidence,,
,3,Not too much confidence,,
,4,No confidence at all,,
,8,Don't know (DO NOT READ),,
,9,Refused (DO NOT READ),,
trump_handling_rusukr,1,A lot of confidence,,
,2,Some confidence,,
,3,Not too much confidence,,
,4,No confidence at all,,
,8,Don't know (DO NOT READ),,
,9,Refused (DO NOT READ),,
trump_handling_isrneigh,1,A lot of confidence,,
,2,Some confidence,,
,3,Not too much confidence,,
,4,No confidence at all,,
,8,Don't know (DO NOT READ),,
,9,Refused (DO NOT READ),,
trump_handling_immigration,1,A lot of confidence,,
,2,Some confidence,,
,3,Not too much confidence,,
,4,No confidence at all,,
,8,Don't know (DO NOT READ),,
,9,Refused (DO NOT READ),,
usdem_works,1,Very well,,
,2,Somewhat well,,
,3,Somewhat poorly,,
,4,Very poorly,,
,8,Don't know (DO NOT READ),,
,9,Refused (DO NOT READ),,
conflict_usparties,1,Very strong conflicts,,
,2,Strong conflicts,,
,3,Not very strong conflicts,,
,4,There are no conflicts at all,,
,8,Don't know (DO NOT READ),,
,9,Refused (DO NOT READ),,
econ_power,1,The United States,,
,2,China,,
,3,Japan,,
,4,The countries of the European Union,,
,5,Other (DO NOT READ),,
,6,None / There is no leading economic power (DO NOT READ),,
,8,Don't know (DO NOT READ),,
,9,Refused (DO NOT READ),,
us_or_china,1,China,,
,2,The United States,,
,3,Economic ties to both countries are equally important (DO NOT READ),,
,4,Neither (DO NOT READ),,
,8,Don't know (DO NOT READ),,
,9,Refused (DO NOT READ),,
moral_state,1,Very good,,
,2,Somewhat good,,
,3,Somewhat bad,,
,4,Very bad,,
,8,Don't know (DO NOT READ),,
,9,Refused (DO NOT READ),,
moral_affair,1,Morally acceptable,,
,2,Morally unacceptable,,
,3,Not a moral issue,,
,4,Depends on situation (DO NOT READ),,
,8,Don't know (DO NOT READ),,
,9,Refused (DO NOT READ),,
moral_homosexuality,1,Morally acceptable,,
,2,Morally unacceptable,,
,3,Not a moral issue,,
,4,Depends on situation (DO NOT READ),,
,8,Don't know (DO NOT READ),,
,9,Refused (DO NOT READ),,
moral_abortion,1,Morally acceptable,,
,2,Morally unacceptable,,
,3,Not a moral issue,,
,4,Depends on situation (DO NOT READ),,
,8,Don't know (DO NOT READ),,
,9,Refused (DO NOT READ),,
moral_gambling,1,Morally acceptable,,
,2,Morally unacceptable,,
,3,Not a moral issue,,
,4,Depends on situation (DO NOT READ),,
,8,Don't know (DO NOT READ),,
,9,Refused (DO NOT READ),,
moral_contraceptives,1,Morally acceptable,,
,2,Morally unacceptable,,
,3,Not a moral issue,,
,4,Depends on situation (DO NOT READ),,
,8,Don't know (DO NOT READ),,
,9,Refused (DO NOT READ),,
moral_pornography,1,Morally acceptable,,
,2,Morally unacceptable,,
,3,Not a moral issue,,
,4,Depends on situation (DO NOT READ),,
,8,Don't know (DO NOT READ),,
,9,Refused (DO NOT READ),,
moral_marijuana,1,Morally acceptable,,
,2,Morally unacceptable,,
,3,Not a moral issue,,
,4,Depends on situation (DO NOT READ),,
,8,Don't know (DO NOT READ),,
,9,Refused (DO NOT READ),,
moral_alcohol,1,Morally acceptable,,
,2,Morally unacceptable,,
,3,Not a moral issue,,
,4,Depends on situation (DO NOT READ),,
,8,Don't know (DO NOT READ),,
,9,Refused (DO NOT READ),,
moral_divorce,1,Morally acceptable,,
,2,Morally unacceptable,,
,3,Not a moral issue,,
,4,Depends on situation (DO NOT READ),,
,8,Don't know (DO NOT READ),,
,9,Refused (DO NOT READ),,
believe_god,1,It is NOT necessary to believe in God in order to be moral and have good values,,
,2,It is necessary to believe in God in order to be moral and have good values,,
,8,Don't know (DO NOT READ),,
,9,Refused (DO NOT READ),,
citizen_religion,1,Very important,,
,2,Somewhat important,,
,3,Not too important,,
,4,Not at all important,,
,8,Don't know (DO NOT READ),,
,9,Refused (DO NOT READ),,
citizen_vote,1,Very important,,
,2,Somewhat important,,
,3,Not too important,,
,4,Not at all important,,
,8,Don't know (DO NOT READ),,
,9,Refused (DO NOT READ),,
citizen_follow,1,Very important,,
,2,Somewhat important,,
,3,Not too important,,
,4,Not at all important,,
,8,Don't know (DO NOT READ),,
,9,Refused (DO NOT READ),,
citizen_environment,1,Very important,,
,2,Somewhat important,,
,3,Not too important,,
,4,Not at all important,,
,8,Don't know (DO NOT READ),,
,9,Refused (DO NOT READ),,
citizen_protest,1,Very important,,
,2,Somewhat important,,
,3,Not too important,,
,4,Not at all important,,
,8,Don't know (DO NOT READ),,
,9,Refused (DO NOT READ),,
citizen5_religion,1,Extremely important,,
,2,Very important,,
,3,Somewhat important,,
,4,Not too important,,
,5,Not at all important,,
,8,Don't know (DO NOT READ),,
,9,Refused (DO NOT READ),,
citizen5_vote,1,Extremely important,,
,2,Very important,,
,3,Somewhat important,,
,4,Not too important,,
,5,Not at all important,,
,8,Don't know (DO NOT READ),,
,9,Refused (DO NOT READ),,
citizen5_follow,1,Extremely important,,
,2,Very important,,
,3,Somewhat important,,
,4,Not too important,,
,5,Not at all important,,
,8,Don't know (DO NOT READ),,
,9,Refused (DO NOT READ),,
citizen5_environment,1,Extremely important,,
,2,Very important,,
,3,Somewhat important,,
,4,Not too important,,
,5,Not at all important,,
,8,Don't know (DO NOT READ),,
,9,Refused (DO NOT READ),,
citizen5_protest,1,Extremely important,,
,2,Very important,,
,3,Somewhat important,,
,4,Not too important,,
,5,Not at all important,,
,8,Don't know (DO NOT READ),,
,9,Refused (DO NOT READ),,
polsys_country,1,It needs to be completely reformed,,
,2,It needs major changes,,
,3,It needs minor changes,,
,4,It doesn’t need to be changed,,
,8,Don't know (DO NOT READ),,
,9,Refused (DO NOT READ),,
polsys_countryfu,1,Very confident,,
,2,Somewhat confident,,
,3,Not too confident,,
,4,Not at all confident,,
,8,Don't know (DO NOT READ),,
,9,Refused (DO NOT READ),,
elections_four,1,Very confident,,
,2,Somewhat confident,,
,3,Not too confident,,
,4,Not at all confident,,
,8,Don't know (DO NOT READ),,
,9,Refused (DO NOT READ),,
elections_five,1,Extremely confident,,
,2,Very confident,,
,3,Somewhat confident,,
,4,Not too confident,,
,5,Not at all confident,,
,8,Don't know (DO NOT READ),,
,9,Refused (DO NOT READ),,
officials_trait_understand,1,All of them,,
,2,Most of them,,
,3,Some of them,,
,4,Few of them,,
,5,None of them,,
,8,Don't know (DO NOT READ),,
,9,Refused (DO NOT READ),,
officials_trait_focus,1,All of them,,
,2,Most of them,,
,3,Some of them,,
,4,Few of them,,
,5,None of them,,
,8,Don't know (DO NOT READ),,
,9,Refused (DO NOT READ),,
officials_trait_qualified,1,All of them,,
,2,Most of them,,
,3,Some of them,,
,4,Few of them,,
,5,None of them,,
,8,Don't know (DO NOT READ),,
,9,Refused (DO NOT READ),,
officials_trait_ethical,1,All of them,,
,2,Most of them,,
,3,Some of them,,
,4,Few of them,,
,5,None of them,,
,8,Don't know (DO NOT READ),,
,9,Refused (DO NOT READ),,
officials_trait_honest,1,All of them,,
,2,Most of them,,
,3,Some of them,,
,4,Few of them,,
,5,None of them,,
,8,Don't know (DO NOT READ),,
,9,Refused (DO NOT READ),,
intthreat_climatechange,1,Major threat,,
,2,Minor threat,,
,3,Not a threat,,
,8,Don't know (DO NOT READ),,
,9,Refused (DO NOT READ),,
intthreat_econcondition,1,Major threat,,
,2,Minor threat,,
,3,Not a threat,,
,8,Don't know (DO NOT READ),,
,9,Refused (DO NOT READ),,
intthreat_disease,1,Major threat,,
,2,Minor threat,,
,3,Not a threat,,
,8,Don't know (DO NOT READ),,
,9,Refused (DO NOT READ),,
intthreat_misinfo,1,Major threat,,
,2,Minor threat,,
,3,Not a threat,,
,8,Don't know (DO NOT READ),,
,9,Refused (DO NOT READ),,
intthreat_terrorism,1,Major threat,,
,2,Minor threat,,
,3,Not a threat,,
,8,Don't know (DO NOT READ),,
,9,Refused (DO NOT READ),,
allies_open,1,Afghanistan,,
,2,Albania,,
,3,Algeria,,
,4,American Samoa,,
,5,Andorra,,
,6,Angola,,
,7,Antigua and Barbuda,,
,8,Argentina,,
,9,Armenia,,
,10,Aruba,,
,11,Australia,,
,12,Austria,,
,13,Azerbaijan,,
,14,"Bahamas, The",,
,15,Bahrain,,
,16,Bangladesh,,
,17,Barbados,,
,18,Belarus,,
,19,Belgium,,
,20,Belize,,
,21,Benin,,
,22,Bermuda,,
,23,Bhutan,,
,24,BLANK,,
,25,Bolivia,,
,26,Bosnia and Herzegovina,,
,27,Botswana,,
,28,Brazil,,
,29,British Virgin Islands,,
,30,Brunei Darussalam,,
,31,Bulgaria,,
,32,Burkina Faso,,
,33,Burundi,,
,34,Cabo Verde,,
,35,Cambodia,,
,36,Cameroon,,
,37,Canada,,
,38,Cayman Islands,,
,39,Central African Republic,,
,40,Chad,,
,41,Channel Islands,,
,42,Chile,,
,43,China,,
,44,Colombia,,
,45,Comoros,,
,46,Costa Rica,,
,47,Croatia,,
,48,Cuba,,
,49,Curacao,,
,50,Cyprus,,
,51,Czech Republic,,
,52,Democratic Republic of the Congo,,
,53,Denmark,,
,54,Djibouti,,
,55,Dominica,,
,56,Dominican Republic,,
,57,Ecuador,,
,58,Egypt,,
,59,El Salvador,,
,60,Equatorial Guinea,,
,61,Eritrea,,
,62,Estonia,,
,63,Eswatini,,
,64,Ethiopia,,
,65,European Union [EU],,
,66,Faroe Islands,,
,67,Fiji,,
,68,Finland,,
,69,France,,
,70,French Polynesia,,
,71,Gabon,,
,72,"Gambia, The",,
,73,Georgia,,
,74,Germany,,
,75,Ghana,,
,76,Gibraltar,,
,77,Greece,,
,78,Greenland,,
,79,Grenada,,
,80,Guam,,
,81,Guatemala,,
,82,Guinea,,
,83,Guinea-Bissau,,
,84,Guyana,,
,85,Haiti,,
,86,Honduras,,
,87,Hong Kong,,
,88,Hungary,,
,89,Iceland,,
,90,India,,
,91,Indonesia,,
,92,Iran,,
,93,Iraq,,
,94,Ireland,,
,95,Isle of Man,,
,96,Israel,,
,97,Italy,,
,98,Ivory Coast,,
,99,Jamaica,,
,100,Japan,,
,101,Jordan,,
,102,Kazakhstan,,
,103,Kenya,,
,104,Kiribati,,
,105,Kosovo,,
,106,Kuwait,,
,107,Kyrgyzstan,,
,108,Lao PDR,,
,109,Latvia,,
,110,Lebanon,,
,111,Lesotho,,
,112,Liberia,,
,113,Libya,,
,114,Liechtenstein,,
,115,Lithuania,,
,116,Luxembourg,,
,117,Macao,,
,118,Madagascar,,
,119,Malawi,,
,120,Malaysia,,
,121,Maldives,,
,122,Mali,,
,123,Malta,,
,124,Marshall Islands,,
,125,Mauritania,,
,126,Mauritius,,
,127,Mexico,,
,128,"Micronesia, Fed. Sts.",,
,129,Moldova,,
,130,Monaco,,
,131,Mongolia,,
,132,Montenegro,,
,133,Morocco,,
,134,Mozambique,,
,135,Myanmar,,
,136,Namibia,,
,137,NATO,,
,138,Nauru,,
,139,Nepal,,
,140,Netherlands,,
,141,New Caledonia,,
,142,New Zealand,,
,143,Nicaragua,,
,144,Niger,,
,145,Nigeria,,
,146,North Korea,,
,147,North Macedonia,,
,148,Northern Mariana Islands,,
,149,Norway,,
,150,Oman,,
,151,Pakistan,,
,152,Palau,,
,153,Palestinian Territories,,
,154,Panama,,
,155,Papua New Guinea,,
,156,Paraguay,,
,157,Peru,,
,158,Philippines,,
,159,Poland,,
,160,Portugal,,
,161,Puerto Rico,,
,162,Qatar,,
,163,Republic of the Congo,,
,164,Romania,,
,165,Russia,,
,166,Rwanda,,
,167,Samoa,,
,168,San Marino,,
,169,Sao Tome and Principe,,
,170,Saudi Arabia,,
,171,Senegal,,
,172,Serbia,,
,173,Seychelles,,
,174,Sierra Leone,,
,175,Singapore,,
,176,Sint Maarten (Dutch part),,
,177,Slovakia,,
,178,Slovenia,,
,179,Solomon Islands,,
,180,Somalia,,
,181,South Africa,,
,182,South Korea,,
,183,South Sudan,,
,184,Spain,,
,185,Sri Lanka,,
,186,St. Kitts and Nevis,,
,187,St. Lucia,,
,188,St. Martin (French part),,
,189,St. Vincent and the Grenadines,,
,190,Sudan,,
,191,Suriname,,
,192,Sweden,,
,193,Switzerland,,
,194,Syria,,
,195,Taiwan,,
,196,Tajikistan,,
,197,Tanzania,,
,198,Thailand,,
,199,Timor-Leste,,
,200,Togo,,
,201,Tonga,,
,202,Trinidad and Tobago,,
,203,Tunisia,,
,204,Turkey,,
,205,Turkmenistan,,
,206,Turks and Caicos Islands,,
,207,Tuvalu,,
,208,U.S.,,
,209,Uganda,,
,210,UK,,
,211,Ukraine,,
,212,United Arab Emirates,,
,213,Uruguay,,
,214,Uzbekistan,,
,215,Vanuatu,,
,216,Venezuela,,
,217,Vietnam,,
,218,Virgin Islands (U.S.),,
,219,"Yemen, Rep.",,
,220,Zambia,,
,221,Zimbabwe,,
,996,No country,,
,997,Other,,
,999,Don't know/Refused,,
threats_open,1,Afghanistan,,
,2,Albania,,
,3,Algeria,,
,4,American Samoa,,
,5,Andorra,,
,6,Angola,,
,7,Antigua and Barbuda,,
,8,Argentina,,
,9,Armenia,,
,10,Aruba,,
,11,Australia,,
,12,Austria,,
,13,Azerbaijan,,
,14,"Bahamas, The",,
,15,Bahrain,,
,16,Bangladesh,,
,17,Barbados,,
,18,Belarus,,
,19,Belgium,,
,20,Belize,,
,21,Benin,,
,22,Bermuda,,
,23,Bhutan,,
,24,Bolivia,,
,25,Bosnia and Herzegovina,,
,26,Botswana,,
,27,Brazil,,
,28,British Virgin Islands,,
,29,Brunei Darussalam,,
,30,Bulgaria,,
,31,Burkina Faso,,
,32,Burundi,,
,33,Cabo Verde,,
,34,Cambodia,,
,35,Cameroon,,
,36,Canada,,
,37,Cayman Islands,,
,38,Central African Republic,,
,39,Chad,,
,40,Channel Islands,,
,41,Chile,,
,42,China,,
,43,Colombia,,
,44,Comoros,,
,45,Costa Rica,,
,46,Croatia,,
,47,Cuba,,
,48,Curacao,,
,49,Cyprus,,
,50,Czech Republic,,
,51,Democratic Republic of the Congo,,
,52,Denmark,,
,53,Djibouti,,
,54,Dominica,,
,55,Dominican Republic,,
,56,Ecuador,,
,57,Egypt,,
,58,El Salvador,,
,59,Equatorial Guinea,,
,60,Eritrea,,
,61,Estonia,,
,62,Eswatini,,
,63,Ethiopia,,
,64,European Union [EU],,
,65,Faroe Islands,,
,66,Fiji,,
,67,Finland,,
,68,France,,
,69,French Polynesia,,
,70,Gabon,,
,71,"Gambia, The",,
,72,Georgia,,
,73,Germany,,
,74,Ghana,,
,75,Gibraltar,,
,76,Greece,,
,77,Greenland,,
,78,Grenada,,
,79,Guam,,
,80,Guatemala,,
,81,Guinea,,
,82,Guinea-Bissau,,
,83,Guyana,,
,84,Haiti,,
,85,Hamas,,
,86,Hezbollah,,
,87,Honduras,,
,88,Hong Kong,,
,89,Hungary,,
,90,Iceland,,
,91,India,,
,92,Indonesia,,
,93,Iran,,
,94,Iraq,,
,95,Ireland,,
,96,Isle of Man,,
,97,Israel,,
,98,Italy,,
,99,Ivory Coast,,
,100,Jamaica,,
,101,Japan,,
,102,Jordan,,
,103,Kazakhstan,,
,104,Kenya,,
,105,Kiribati,,
,106,Kosovo,,
,107,Kuwait,,
,108,Kyrgyzstan,,
,109,Lao PDR,,
,110,Latvia,,
,111,Lebanon,,
,112,Lesotho,,
,113,Liberia,,
,114,Libya,,
,115,Liechtenstein,,
,116,Lithuania,,
,117,Luxembourg,,
,118,Macao,,
,119,Madagascar,,
,120,Malawi,,
,121,Malaysia,,
,122,Maldives,,
,123,Mali,,
,124,Malta,,
,125,Marshall Islands,,
,126,Mauritania,,
,127,Mauritius,,
,128,Mexico,,
,129,"Micronesia, Fed. Sts.",,
,130,Moldova,,
,131,Monaco,,
,132,Mongolia,,
,133,Montenegro,,
,134,Morocco,,
,135,Mozambique,,
,136,Myanmar,,
,137,Namibia,,
,138,NATO,,
,139,Nauru,,
,140,Nepal,,
,141,Netherlands,,
,142,New Caledonia,,
,143,New Zealand,,
,144,Nicaragua,,
,145,Niger,,
,146,Nigeria,,
,147,North Korea,,
,148,North Macedonia,,
,149,Northern Mariana Islands,,
,150,Norway,,
,151,Oman,,
,152,Pakistan,,
,153,Palau,,
,154,Palestinian Territories,,
,155,Panama,,
,156,Papua New Guinea,,
,157,Paraguay,,
,158,Peru,,
,159,Philippines,,
,160,Poland,,
,161,Portugal,,
,162,Puerto Rico,,
,163,Qatar,,
,164,Republic of the Congo,,
,165,Romania,,
,166,Russia,,
,167,Rwanda,,
,168,Samoa,,
,169,San Marino,,
,170,Sao Tome and Principe,,
,171,Saudi Arabia,,
,172,Senegal,,
,173,Serbia,,
,174,Seychelles,,
,175,Sierra Leone,,
,176,Singapore,,
,177,Sint Maarten (Dutch part),,
,178,Slovakia,,
,179,Slovenia,,
,180,Solomon Islands,,
,181,Somalia,,
,182,South Africa,,
,183,South Korea,,
,184,South Sudan,,
,185,Spain,,
,186,Sri Lanka,,
,187,St. Kitts and Nevis,,
,188,St. Lucia,,
,189,St. Martin (French part),,
,190,St. Vincent and the Grenadines,,
,191,Sudan,,
,192,Suriname,,
,193,Sweden,,
,194,Switzerland,,
,195,Syria,,
,196,Taiwan,,
,197,Tajikistan,,
,198,Tanzania,,
,199,Thailand,,
,200,Timor-Leste,,
,201,Togo,,
,202,Tonga,,
,203,Trinidad and Tobago,,
,204,Tunisia,,
,205,Turkey,,
,206,Turkmenistan,,
,207,Turks and Caicos Islands,,
,208,Tuvalu,,
,209,U.S.,,
,210,Uganda,,
,211,UK,,
,212,Ukraine,,
,213,United Arab Emirates,,
,214,Uruguay,,
,215,Uzbekistan,,
,216,Vanuatu,,
,217,Venezuela,,
,218,Vietnam,,
,219,Virgin Islands (U.S.),,
,220,"Yemen, Rep.",,
,221,Zambia,,
,222,Zimbabwe,,
,996,No country,,
,997,Other,,
,999,Don't know/Refused,,
threat_type_econ,1,A great deal,,
,2,A fair amount,,
,3,Not too much,,
,4,Not at all,,
,8,Don't know (DO NOT READ),,
,9,Refused (DO NOT READ),,
threat_type_security,1,A great deal,,
,2,A fair amount,,
,3,Not too much,,
,4,Not at all,,
,8,Don't know (DO NOT READ),,
,9,Refused (DO NOT READ),,
ai_heard,1,A lot,,
,2,A little,,
,3,Nothing at all,,
,8,Don't know (DO NOT READ),,
,9,Refused (DO NOT READ),,
ai_cncexc,1,More excited than concerned,,
,2,More concerned than excited,,
,3,Equally concerned and excited,,
,8,Don't know (DO NOT READ),,
,9,Refused (DO NOT READ),,
aireg_us,1,A lot of trust,,
,2,Some trust,,
,3,Not too much trust,,
,4,No trust at all,,
,8,Not sure,,
,9,Refused (DO NOT READ),,
aireg_china,1,A lot of trust,,
,2,Some trust,,
,3,Not too much trust,,
,4,No trust at all,,
,8,Not sure,,
,9,Refused (DO NOT READ),,
aireg_eu,1,A lot of trust,,
,2,Some trust,,
,3,Not too much trust,,
,4,No trust at all,,
,8,Not sure,,
,9,Refused (DO NOT READ),,
aireg_country,1,A lot of trust,,
,2,Some trust,,
,3,Not too much trust,,
,4,No trust at all,,
,8,Not sure,,
,9,Refused (DO NOT READ),,
china_rights,1,Very serious problem,,
,2,Somewhat serious problem,,
,3,Not too serious of a problem,,
,4,Not a problem at all,,
,8,Don't know (DO NOT READ),,
,9,Refused (DO NOT READ),,
china_econcomp,1,Very serious problem,,
,2,Somewhat serious problem,,
,3,Not too serious of a problem,,
,4,Not a problem at all,,
,8,Don't know (DO NOT READ),,
,9,Refused (DO NOT READ),,
china_milpower,1,Very serious problem,,
,2,Somewhat serious problem,,
,3,Not too serious of a problem,,
,4,Not a problem at all,,
,8,Don't know (DO NOT READ),,
,9,Refused (DO NOT READ),,
china_politics,1,Very serious problem,,
,2,Somewhat serious problem,,
,3,Not too serious of a problem,,
,4,Not a problem at all,,
,8,Don't know (DO NOT READ),,
,9,Refused (DO NOT READ),,
china_debt,1,Very serious problem,,
,2,Somewhat serious problem,,
,3,Not too serious of a problem,,
,4,Not a problem at all,,
,8,Don't know (DO NOT READ),,
,9,Refused (DO NOT READ),,
china_territory,1,Very serious problem,,
,2,Somewhat serious problem,,
,3,Not too serious a problem,,
,4,Not a problem at all,,
,8,Don't know (DO NOT READ),,
,9,Refused (DO NOT READ),,
china_invest,1,Investment from China is a good thing because it creates jobs in (survey country),,
,2,Investment from China is a bad thing because it gives China too much influence over domestic affairs in (survey country),,
,8,Don't know (DO NOT READ),,
,9,Refused (DO NOT READ),,
us_rights,1,Very serious problem,,
,2,Somewhat serious problem,,
,3,Not too serious of a problem,,
,4,Not a problem at all,,
,8,Don't know (DO NOT READ),,
,9,Refused (DO NOT READ),,
us_econcomp,1,Very serious problem,,
,2,Somewhat serious problem,,
,3,Not too serious of a problem,,
,4,Not a problem at all,,
,8,Don't know (DO NOT READ),,
,9,Refused (DO NOT READ),,
us_milpower,1,Very serious problem,,
,2,Somewhat serious problem,,
,3,Not too serious of a problem,,
,4,Not a problem at all,,
,8,Don't know (DO NOT READ),,
,9,Refused (DO NOT READ),,
us_politics,1,Very serious problem,,
,2,Somewhat serious problem,,
,3,Not too serious of a problem,,
,4,Not a problem at all,,
,8,Don't know (DO NOT READ),,
,9,Refused (DO NOT READ),,
us_debt,1,Very serious problem,,
,2,Somewhat serious problem,,
,3,Not too serious of a problem,,
,4,Not a problem at all,,
,8,Don't know (DO NOT READ),,
,9,Refused (DO NOT READ),,
us_invest,1,Investment from the U.S. is a good thing because it creates jobs in (survey country),,
,2,Investment from the U.S. is a bad thing because it gives the U.S. too much influence over domestic affairs in (survey co,,
,8,Don't know (DO NOT READ),,
,9,Refused (DO NOT READ),,
climate_local,1,A great deal,,
,2,Some,,
,3,Not too much,,
,4,Not at all,,
,8,Don't know (DO NOT READ),,
,9,Refused (DO NOT READ),,
climate_effects,1,Droughts or water shortages,,
,2,Floods or intense storms,,
,3,Long periods of unusually hot weather,,
,4,Rising sea levels,,
,7,None of these (DO NOT READ),,
,8,Don't know (DO NOT READ),,
,9,Refused (DO NOT READ),,
climate_concern,1,Very concerned,,
,2,Somewhat concerned,,
,3,Not too concerned,,
,4,Not at all concerned,,
,8,Don't know (DO NOT READ),,
,9,Refused (DO NOT READ),,
climate_behavior,1,A lot of changes,,
,2,Some changes,,
,3,Only a few changes,,
,4,No changes at all,,
,8,Don't know (DO NOT READ),,
,9,Refused (DO NOT READ),,
wealth_emissions,1,How wealthy a country is,,
,2,How much a country’s carbon emissions contribute to climate change,,
,8,Don't know (DO NOT READ),,
,9,Refused (DO NOT READ),,
climate_intlcommunity,1,Very confident,,
,2,Somewhat confident,,
,3,Not too confident,,
,4,Not at all confident,,
,8,Don't know (DO NOT READ),,
,9,Refused (DO NOT READ),,
growinflu_country,1,Getting stronger,,
,2,Getting weaker,,
,3,Staying about the same,,
,8,Don't know (DO NOT READ),,
,9,Refused (DO NOT READ),,
brderjob,1,Very good job,,
,2,Somewhat good job,,
,3,Somewhat bad job,,
,4,Very bad job,,
,8,Don't know (DO NOT READ),,
,9,Refused (DO NOT READ),,
brderjob_mex,1,Very good job,,
,2,Somewhat good job,,
,3,Somewhat bad job,,
,4,Very bad job,,
,8,Don't know (DO NOT READ),,
,9,Refused (DO NOT READ),,
mex_court_approve,1,Strongly approve,,
,2,Somewhat approve,,
,3,Somewhat disapprove,,
,4,Strongly disapprove,,
,8,Don't know (DO NOT READ),,
,9,Refused (DO NOT READ),,
discrim2_hindu,1,"Yes, a lot of discrimination",,
,2,"No, not a lot of discrimination",,
,8,Don't know (DO NOT READ),,
,9,Refused (DO NOT READ),,
discrim2_muslim,1,"Yes, a lot of discrimination",,
,2,"No, not a lot of discrimination",,
,8,Don't know (DO NOT READ),,
,9,Refused (DO NOT READ),,
discrim2_christian,1,"Yes, a lot of discrimination",,
,2,"No, not a lot of discrimination",,
,8,Don't know (DO NOT READ),,
,9,Refused (DO NOT READ),,
discrim2_sikh,1,"Yes, a lot of discrimination",,
,2,"No, not a lot of discrimination",,
,8,Don't know (DO NOT READ),,
,9,Refused (DO NOT READ),,
discrim2_buddhist,1,"Yes, a lot of discrimination",,
,2,"No, not a lot of discrimination",,
,8,Don't know (DO NOT READ),,
,9,Refused (DO NOT READ),,
discrim2_jain,1,"Yes, a lot of discrimination",,
,2,"No, not a lot of discrimination",,
,8,Don't know (DO NOT READ),,
,9,Refused (DO NOT READ),,
discrim2_sc,1,"Yes, a lot of discrimination",,
,2,"No, not a lot of discrimination",,
,8,Don't know (DO NOT READ),,
,9,Refused (DO NOT READ),,
discrim2_st,1,"Yes, a lot of discrimination",,
,2,"No, not a lot of discrimination",,
,8,Don't know (DO NOT READ),,
,9,Refused (DO NOT READ),,
discrim2_obc,1,"Yes, a lot of discrimination",,
,2,"No, not a lot of discrimination",,
,8,Don't know (DO NOT READ),,
,9,Refused (DO NOT READ),,
discrim2_women,1,"Yes, a lot of discrimination",,
,2,"No, not a lot of discrimination",,
,8,Don't know (DO NOT READ),,
,9,Refused (DO NOT READ),,
discrim2_men,1,"Yes, a lot of discrimination",,
,2,"No, not a lot of discrimination",,
,8,Don't know (DO NOT READ),,
,9,Refused (DO NOT READ),,
discrim4_hindu,1,A lot of discrimination,,
,2,Some discrimination,,
,3,Not too much discrimination,,
,4,No discrimination at all,,
,8,Don't know (DO NOT READ),,
,9,Refused (DO NOT READ),,
discrim4_muslim,1,A lot of discrimination,,
,2,Some discrimination,,
,3,Not too much discrimination,,
,4,No discrimination at all,,
,8,Don't know (DO NOT READ),,
,9,Refused (DO NOT READ),,
discrim4_christian,1,A lot of discrimination,,
,2,Some discrimination,,
,3,Not too much discrimination,,
,4,No discrimination at all,,
,8,Don't know (DO NOT READ),,
,9,Refused (DO NOT READ),,
discrim4_sikh,1,A lot of discrimination,,
,2,Some discrimination,,
,3,Not too much discrimination,,
,4,No discrimination at all,,
,8,Don't know (DO NOT READ),,
,9,Refused (DO NOT READ),,
discrim4_buddhist,1,A lot of discrimination,,
,2,Some discrimination,,
,3,Not too much discrimination,,
,4,No discrimination at all,,
,8,Don't know (DO NOT READ),,
,9,Refused (DO NOT READ),,
discrim4_jain,1,A lot of discrimination,,
,2,Some discrimination,,
,3,Not too much discrimination,,
,4,No discrimination at all,,
,8,Don't know (DO NOT READ),,
,9,Refused (DO NOT READ),,
discrim4_sc,1,A lot of discrimination,,
,2,Some discrimination,,
,3,Not too much discrimination,,
,4,No discrimination at all,,
,8,Don't know (DO NOT READ),,
,9,Refused (DO NOT READ),,
discrim4_st,1,A lot of discrimination,,
,2,Some discrimination,,
,3,Not too much discrimination,,
,4,No discrimination at all,,
,8,Don't know (DO NOT READ),,
,9,Refused (DO NOT READ),,
discrim4_obc,1,A lot of discrimination,,
,2,Some discrimination,,
,3,Not too much discrimination,,
,4,No discrimination at all,,
,8,Don't know (DO NOT READ),,
,9,Refused (DO NOT READ),,
discrim4_women,1,A lot of discrimination,,
,2,Some discrimination,,
,3,Not too much discrimination,,
,4,No discrimination at all,,
,8,Don't know (DO NOT READ),,
,9,Refused (DO NOT READ),,
discrim4_men,1,A lot of discrimination,,
,2,Some discrimination,,
,3,Not too much discrimination,,
,4,No discrimination at all,,
,8,Don't know (DO NOT READ),,
,9,Refused (DO NOT READ),,
socladder_self,0,<none>,,
,1,<none>,,
,2,<none>,,
,3,<none>,,
,4,<none>,,
,5,<none>,,
,6,<none>,,
,7,<none>,,
,8,<none>,,
,9,<none>,,
,10,<none>,,
,98,Don’t know (DO NOT READ),,
,99,Refused (DO NOT READ),,
socladder_black,0,<none>,,
,1,<none>,,
,2,<none>,,
,3,<none>,,
,4,<none>,,
,5,<none>,,
,6,<none>,,
,7,<none>,,
,8,<none>,,
,9,<none>,,
,10,<none>,,
,98,Don’t know (DO NOT READ),,
,99,Refused (DO NOT READ),,
socladder_white,0,<none>,,
,1,<none>,,
,2,<none>,,
,3,<none>,,
,4,<none>,,
,5,<none>,,
,6,<none>,,
,7,<none>,,
,8,<none>,,
,9,<none>,,
,10,<none>,,
,98,Don’t know (DO NOT READ),,
,99,Refused (DO NOT READ),,
socladder_coloured,0,<none>,,
,1,<none>,,
,2,<none>,,
,3,<none>,,
,4,<none>,,
,5,<none>,,
,6,<none>,,
,7,<none>,,
,8,<none>,,
,9,<none>,,
,10,<none>,,
,98,Don’t know (DO NOT READ),,
,99,Refused (DO NOT READ),,
socladder_past_black,0,<none>,,
,1,<none>,,
,2,<none>,,
,3,<none>,,
,4,<none>,,
,5,<none>,,
,6,<none>,,
,7,<none>,,
,8,<none>,,
,9,<none>,,
,10,<none>,,
,98,Don’t know (DO NOT READ),,
,99,Refused (DO NOT READ),,
socladder_past_white,0,<none>,,
,1,<none>,,
,2,<none>,,
,3,<none>,,
,4,<none>,,
,5,<none>,,
,6,<none>,,
,7,<none>,,
,8,<none>,,
,9,<none>,,
,10,<none>,,
,98,Don’t know (DO NOT READ),,
,99,Refused (DO NOT READ),,
socladder_past_coloured,0,<none>,,
,1,<none>,,
,2,<none>,,
,3,<none>,,
,4,<none>,,
,5,<none>,,
,6,<none>,,
,7,<none>,,
,8,<none>,,
,9,<none>,,
,10,<none>,,
,98,Don’t know (DO NOT READ),,
,99,Refused (DO NOT READ),,
respect_current,1,Very respected,,
,2,Somewhat respected,,
,3,Not too respected,,
,4,Not at all respected,,
,8,Don’t know (DO NOT READ),,
,9,Refused (DO NOT READ),,
jewish_settlements,1,Helps the security of Israel,,
,2,Hurts the security of Israel,,
,3,Does not make a difference,,
,8,Don’t know (DO NOT READ),,
,9,Refused (DO NOT READ),,
palstate_intl,1,Very likely,,
,2,Somewhat likely,,
,3,Somewhat unlikely,,
,4,Very unlikely,,
,8,Don’t know (DO NOT READ),,
,9,Refused (DO NOT READ),,
isr_pal_coexist,1,Yes,,
,2,No,,
,3,It depends (DO NOT READ),,
,8,Don’t know (DO NOT READ),,
,9,Refused (DO NOT READ),,
isr_pal_coexist2,1,West Bank,,
,2,Gaza,,
,3,Both,,
,8,Don’t know (DO NOT READ),,
,9,Refused (DO NOT READ),,
isrcommit_isrpeople,1,Very committed,,
,2,Somewhat committed,,
,3,Not too committed,,
,4,Not at all committed,,
,8,Don’t know (DO NOT READ),,
,9,Refused (DO NOT READ),,
isrcommit_palpeople,1,Very committed,,
,2,Somewhat committed,,
,3,Not too committed,,
,4,Not at all committed,,
,8,Don’t know (DO NOT READ),,
,9,Refused (DO NOT READ),,
isrcommit_isrgovt,1,Very committed,,
,2,Somewhat committed,,
,3,Not too committed,,
,4,Not at all committed,,
,8,Don’t know (DO NOT READ),,
,9,Refused (DO NOT READ),,
isrcommit_hamas,1,Very committed,,
,2,Somewhat committed,,
,3,Not too committed,,
,4,Not at all committed,,
,8,Don’t know (DO NOT READ),,
,9,Refused (DO NOT READ),,
isrcommit_pa,1,Very committed,,
,2,Somewhat committed,,
,3,Not too committed,,
,4,Not at all committed,,
,8,Don’t know (DO NOT READ),,
,9,Refused (DO NOT READ),,
isrobstacle_settlements,1,Major obstacle,,
,2,Minor obstacle,,
,3,Not an obstacle at all,,
,4,Not sure,,
,9,Refused (DO NOT READ),,
isrobstacle_jerusalem,1,Major obstacle,,
,2,Minor obstacle,,
,3,Not an obstacle at all,,
,4,Not sure,,
,9,Refused (DO NOT READ),,
isrobstacle_poldiff,1,Major obstacle,,
,2,Minor obstacle,,
,3,Not an obstacle at all,,
,4,Not sure,,
,9,Refused (DO NOT READ),,
isrobstacle_hfdiff,1,Major obstacle,,
,2,Minor obstacle,,
,3,Not an obstacle at all,,
,4,Not sure,,
,9,Refused (DO NOT READ),,
isrobstacle_trust,1,Major obstacle,,
,2,Minor obstacle,,
,3,Not an obstacle at all,,
,4,Not sure,,
,9,Refused (DO NOT READ),,
isrpal_influ_us,1,Very helpful,,
,2,Somewhat helpful,,
,3,Somewhat harmful,,
,4,Very harmful,,
,5,No influence,,
,8,Don’t know (DO NOT READ),,
,9,Refused (DO NOT READ),,
isrpal_influ_qatar,1,Very helpful,,
,2,Somewhat helpful,,
,3,Somewhat harmful,,
,4,Very harmful,,
,5,No influence,,
,8,Don’t know (DO NOT READ),,
,9,Refused (DO NOT READ),,
isrpal_influ_un,1,Very helpful,,
,2,Somewhat helpful,,
,3,Somewhat harmful,,
,4,Very harmful,,
,5,No influence,,
,8,Don’t know (DO NOT READ),,
,9,Refused (DO NOT READ),,
isrpal_influ_sa,1,Very helpful,,
,2,Somewhat helpful,,
,3,Somewhat harmful,,
,4,Very harmful,,
,5,No influence,,
,8,Don’t know (DO NOT READ),,
,9,Refused (DO NOT READ),,
isrpal_influ_egypt,1,Very helpful,,
,2,Somewhat helpful,,
,3,Somewhat harmful,,
,4,Very harmful,,
,5,No influence,,
,8,Don’t know (DO NOT READ),,
,9,Refused (DO NOT READ),,
isrpal_influ_china,1,Very helpful,,
,2,Somewhat helpful,,
,3,Somewhat harmful,,
,4,Very harmful,,
,5,No influence,,
,8,Don’t know (DO NOT READ),,
,9,Refused (DO NOT READ),,
isrpal_influ_iran,1,Very helpful,,
,2,Somewhat helpful,,
,3,Somewhat harmful,,
,4,Very harmful,,
,5,No influence,,
,8,Don’t know (DO NOT READ),,
,9,Refused (DO NOT READ),,
trump_favorisrpal,1,Favoring Israelis too much,,
,2,Favoring Palestinians too much,,
,3,Or favoring each group the right amount,,
,4,Not sure [Include in the U.S. only],,
,8,Don’t know (DO NOT READ),,
,9,Refused (DO NOT READ),,
govern_gaza,1,Israel,,
,2,Hamas,,
,3,The United Nations,,
,4,PA national unity government with Abu Mazen’s leadership,,
,5,PA national unity government without Abu Mazen,,
,6,The people who live there should decide who governs,,
,7,Or some other group or person (SPECIFY),,
,8,Don’t know (DO NOT READ),,
,9,Refused (DO NOT READ),,
gender,1,Male,,
,2,Female,,
gender_australia,1,Male,,
,2,Female,,
,3,Other,,
,99,Don't know/Refused,,
age,97,97 or older (DO NOT READ),,
,98,Don’t know (DO NOT READ),,
,99,Refused (DO NOT READ),,
age_australia,1,18-29,,
,2,30-49,,
,3,50-64,,
,4,65+,,
d_age_argentina,1,18-29,,
,2,30-44,,
,3,45-59,,
,4,60-74,,
,5,75+,,
,8,Don't know (DO NOT READ),,
,9,Refused (DO NOT READ),,
d_age_brazil,1,18-29,,
,2,30-44,,
,3,45-59,,
,4,60+,,
,8,Don't know (DO NOT READ),,
,9,Refused (DO NOT READ),,
d_age_canada,1,18-29,,
,2,30-39,,
,3,40-49,,
,4,50+,,
,8,Don't know (DO NOT READ),,
,9,Refused (DO NOT READ),,
d_age_france,1,18-24,,
,2,25-34,,
,3,35-49,,
,4,50-64,,
,5,65+,,
,8,Don't know (DO NOT READ),,
,9,Refused (DO NOT READ),,
d_age_germany,1,18-24,,
,2,25-44,,
,3,45-59,,
,4,60-64,,
,5,65+,,
,8,Don't know (DO NOT READ),,
,9,Refused (DO NOT READ),,
d_age_greece,1,18-24,,
,2,25-34,,
,3,35-44,,
,4,45-54,,
,5,55-64,,
,6,65+,,
,8,Don't know (DO NOT READ),,
,9,Refused (DO NOT READ),,
d_age_hungary,1,18-29,,
,2,30-44,,
,3,45-64,,
,4,65+,,
,8,Don't know (DO NOT READ),,
,9,Refused (DO NOT READ),,
d_age_india,1,18-29,,
,2,30-44,,
,3,45-59,,
,4,60+,,
,8,Don't know (DO NOT READ),,
,9,Refused (DO NOT READ),,
d_age_indonesia,1,18-29,,
,2,30-39,,
,3,40-49,,
,4,50+,,
,8,Don't know (DO NOT READ),,
,9,Refused (DO NOT READ),,
d_age_israel,1,18-29,,
,2,30-44,,
,3,45-64,,
,4,65+,,
,8,Don't know (DO NOT READ),,
,9,Refused (DO NOT READ),,
d_age_italy,1,18-24,,
,2,25-34,,
,3,35-44,,
,4,45-54,,
,5,55-64,,
,6,65+,,
,8,Don't know (DO NOT READ),,
,9,Refused (DO NOT READ),,
d_age_japan,1,18-29,,
,2,30-44,,
,3,45-59,,
,4,60-74,,
,5,75+,,
,8,Don't know (DO NOT READ),,
,9,Refused (DO NOT READ),,
d_age_kenya,1,18-19,,
,2,20-29,,
,3,30-39,,
,4,40-49,,
,5,50+,,
,8,Don't know (DO NOT READ),,
,9,Refused (DO NOT READ),,
d_age_mexico,1,18-29,,
,2,30-39,,
,3,40-49,,
,4,50+,,
,8,Don't know (DO NOT READ),,
,9,Refused (DO NOT READ),,
d_age_netherlands,1,18-29,,
,2,30-44,,
,3,45-64,,
,4,65-84,,
,5,85+,,
,8,Don't know (DO NOT READ),,
,9,Refused (DO NOT READ),,
d_age_nigeria,1,18-29,,
,2,30-44,,
,3,45-59,,
,4,60-74,,
,5,75+,,
,8,Don't know (DO NOT READ),,
,9,Refused (DO NOT READ),,
d_age_poland,1,18-29,,
,2,30-44,,
,3,45-59,,
,4,60-74,,
,5,75+,,
,8,Don't know (DO NOT READ),,
,9,Refused (DO NOT READ),,
d_age_safrica,1,18-29,,
,2,30-44,,
,3,45-59,,
,4,60-74,,
,5,75+,,
,8,Don't know (DO NOT READ),,
,9,Refused (DO NOT READ),,
d_age_skorea,1,18-24,,
,2,25-34,,
,3,35-44,,
,4,45-54,,
,5,55+,,
,8,Don't know (DO NOT READ),,
,9,Refused (DO NOT READ),,
d_age_spain,1,18-29,,
,2,30-39,,
,3,40-49,,
,4,50+,,
,8,Don't know (DO NOT READ),,
,9,Refused (DO NOT READ),,
d_age_sweden,1,18-29,,
,2,30-44,,
,3,45-64,,
,4,65-84,,
,5,85+,,
,8,Don't know (DO NOT READ),,
,9,Refused (DO NOT READ),,
d_age_turkey,1,18-24,,
,2,25-34,,
,3,35-44,,
,4,45-54,,
,5,55+,,
,8,Don't know (DO NOT READ),,
,9,Refused (DO NOT READ),,
d_age_uk,1,18-29,,
,2,30-44,,
,3,45-59,,
,4,60-74,,
,5,75+,,
,8,Don't know (DO NOT READ),,
,9,Refused (DO NOT READ),,
religion_combined,1,Christian,,
,2,Muslim,,
,3,Jewish,,
,4,Buddhist,,
,5,Hindu,,
,6,Other,,
,7,None,,
,99,Everyone else without sufficient sample size for analysis,,
religion_christian,1,Catholic,,
,2,Protestant,,
,3,Orthodox,,
,99,"Everyone else, including Christians without sufficient sample size for analysis",,
religion_none,1,Atheist,,
,2,Agnostic,,
,3,Nothing in particular,,
,99,"Everyone else, including religiously unaffiliated without sufficient sample size for analysis",,
religion_israel_jewish,1,Haredi,,
,2,Dati,,
,3,Masorti,,
,4,Hiloni,,
,5,Something else,,
,9,Refused,,
christdenom_pent,1,Yes,,
,2,No,,
,8,Don't know (DO NOT READ),,
,9,Refused (DO NOT READ),,
prot_church,1,"A historical Protestant Church for example, Baptist, Seventh Day Adventist, Methodist, Lutheran or Presbyterian",,
,2,"A Pentecostal Church, for example, Assemblies of God or the Universal Church of the Kingdom of God [OR]",,
,3,Another Protestant Church,,
,4,Do not belong to a specific church (DO NOT READ),,
,8,Don't know (DO NOT READ),,
,9,Refused (DO NOT READ),,
religion_import,1,Very important,,
,2,Somewhat important,,
,3,Not too important,,
,4,Not at all important,,
,8,Don't know (DO NOT READ),,
,9,Refused (DO NOT READ),,
pray_freq,1,Several times a day,,
,2,Once a day,,
,3,A few times a week,,
,4,Once a week,,
,5,A few times a month,,
,6,Less often than that,,
,7,Never,,
,8,Don't know (DO NOT READ),,
,9,Refused (DO NOT READ),,
pray_salah,1,Yes,,
,2,No,,
,8,Don't know (DO NOT READ),,
,9,Refused (DO NOT READ),,
d_educ_argentina,1,No formal education (preschool or less),,
,2,Incomplete primary,,
,3,Complete primary,,
,4,Incomplete secondary,,
,5,Complete secondary,,
,6,"Incomplete tertiary, no university",,
,7,Incomplete university,,
,8,"Tertiary complete, no university",,
,9,Complete university,,
,10,Postgraduate (Master),,
,11,Postgraduate (Doctorate),,
,98,Don't know (DO NOT READ),,
,99,Refused (DO NOT READ),,
d_educ_australia,1,Secondary school or less,,
,2,Trade / certificate / diploma qualification,,
,3,Bachelor and above,,
d_educ_brazil,1,Did not receive formal education,,
,2,Incomplete primary/elementary (1st to 4th grade),,
,3,Complete primary/elementary (1st to 4th grade),,
,4,Incomplete elementary/middle (5th to 8th/9th grade),,
,5,Complete elementary/middle (5th to 8th/9th grade),,
,6,Incomplete middle/senior high school,,
,7,Complete middle/senior high school,,
,8,Incomplete higher education course (Bachelor's or technologist),,
,9,Complete bachelor's or higher degree,,
,10,"Complete post-graduation courses (specialization, professional masters, MBA)",,
,11,"Complete master (strictly speaking, academic)",,
,12,Complete doctorate,,
,98,Don't know (DO NOT READ),,
,99,Refused (DO NOT READ),,
d_educ_canada,1,No formal schooling (Preschool or Kindergarten),,
,2,Completed elementary school (Grade 6),,
,3,Some junior high school (Grades 7),,
,4,Completed junior high school (Grade 8),,
,5,Some senior high school or vocational ... [see demographic qq for full wording],,
,6,Completed secondary school or vocational ... [see demographic qq for full wording],,
,7,Trade certificate/upgrading certificate,,
,8,Undergraduate qualifying program/University Transfer Program (CEGEP in Quebec),,
,9,Technical diploma/community college diploma or certificate,,
,10,"Four year college or university degree/Bachelor's degree (e.g., BS, BA, AB)",,
,11,"Postgraduate or professional degree, including master's degree (e.g., MA, MS, PhD, MD, DESS, graduate school)",,
,98,Don't know (DO NOT READ),,
,99,Refused (DO NOT READ),,
d_educ_france,1,No formal schooling (Preschool or Kindergarten),,
,2,Primary school with Certificat d'Etude (primaire),,
,3,Undergraduate education at the second level - College (Brevet des collèges),,
,4,"Teaching professional second cycle of secondary education (CAP, BEP, etc.)",,
,5,General education second cycle of secondary education (general and technological Baccalaureate),,
,6,"Education schools and other social formations (Diploma educator monitor, specialized technical educator)",,
,7,"Preparation for entry to a selective formation 5B (Prepa entry paramedical and social schools, classes update BTS level)",,
,8,"Pre-university education (Diploma of capacity rights, access to university degree)",,
,9,"University Diploma of Technology (DUT ) / Certificate of Higher Technician (BTS), Diploma of crafts (DMA)",,
,10,"Undergraduate teaching university (Diploma of General University Studies (DEUG), LICENSE, LICENSE (LMD))",,
,11,"Graduate education university (CONTROL, Diploma (DESS), Master (LMD), Diploma Engineer, Master's degree)",,
,12,Graduate education university (Diploma of Advanced Studies (DEA)),,
,13,Graduate education university - Doctor,,
,98,Don't know (DO NOT READ),,
,99,Refused (DO NOT READ),,
d_educ_germany,1,"No schooling, did not finish primary school",,
,2,Primary or lower secondary school,,
,3,"Secondary school - short track, apprenticeship",,
,4,"Secondary school - long track, technical college, university entrance",,
,5,Bachelor's degree / undergraduate,,
,6,"Completed six years of study, Master's degree",,
,7,"PhD, Doctorate",,
,8,Don't know (DO NOT READ),,
,9,Refused (DO NOT READ),,
d_educ_germany_vocational,1,Yes,,
,2,No,,
,8,Don't know (DO NOT READ),,
,9,Refused (DO NOT READ),,
d_educ_greece,1,No formal schooling (Preschool or Kindergarten),,
,2,Partial Primary,,
,3,Primary school certificate,,
,4,3rd Certificate of Secondary Education (Junior high school),,
,5,"Epagelmatiko Lykeio (EPAL), Epagelmatiki Sxoli ... [see demographic qq for full wording]",,
,6,Certificate of Secondary Education / Geniko Lykeio (high school),,
,7,"Vocational Training Institute (IEK), colleges",,
,8,"Degree from Higher Vocational Schools (Higher School of Tourism Education, Police Degree, Firefighter Degree)",,
,9,"Technological Educational Institute (A.TEI) (Highest tertiary education), ASPAITE (after the anotatopoiisi)",,
,10,Ptychio (Upper tertiary certificate)  ... [see demographic qq for full wording],,
,11,Metaptychiako / Master’s (Graduate degree) ... [see demographic qq for full wording],,
,12,"Didaktoriko diploma / PhD from Panepistimio, Polytechneio or Elliniko Anoikto Panepistimio (EAP)",,
,98,Don't know (DO NOT READ),,
,99,Refused (DO NOT READ),,
d_educ_hungary,1,Has not attended school,,
,2,1st-7th grades of primary school or the equivalent,,
,3,Completed primary education or the equivalent,,
,4,"Apprenticeship, vocational school",,
,5,"Matriculation, completed secondary vocational training",,
,6,"Matriculation, completed high school",,
,7,"Vocational training based on matriculation without access to higher education, secondary technical school",,
,8,"Accredited post secondary training, higher technical school",,
,9,College degree or college bachelor degree – BA/BSc,,
,10,University degree or university master degree – MA/MSc,,
,11,Doctoral degree,,
,98,Don't know (DO NOT READ),,
,99,Refused (DO NOT READ),,
d_educ_india,1,Illiterate,,
,2,Literate but no formal schooling,,
,3,"Primary Education (primary certificate, up to 5th standard)",,
,4,"Upper Primary or Middle School (Upper Primary Certificate, up to 8th standard)",,
,5,High School,,
,6,Senior Secondary / intermediate (Senior Secondary School Leaving Certificate),,
,7,Any technical or industrial training (diploma or certificate),,
,8,Any professional training (General nursing and Midwifery (GNM); Junior teachers training (diploma)),,
,9,"Bachelor Degree (university 1st) (B.E., B. Tech, MBBS, or LLB, etc.)",,
,10,"Master Degree (university 2nd) (M.E. M.Tech, MD, LLM, etc), or Post graduate diploma",,
,11,"Doctor (Tertiary 2nd) (M.Phil, PhD)",,
,98,Don't know (DO NOT READ),,
,99,Refused (DO NOT READ),,
d_educ_indonesia,1,No formal schooling (PAUD/TK),,
,2,Did not finish elementary school (grade 1-5 SD) or Madrasah Ibtidaiyah,,
,3,Finished elementary school (finishing class 6 SD) or Madrasah Ibtidaiyah,,
,4,"Did not finish first school (class 7-8, SMP); Incomplete junior high school (completed secondary grades 7-8), Madrasah T",,
,5,"Finished Junior High School (SMP, class 9), Madrasah Tsanawiyah or SMP Kejuruan",,
,6,"Did not finish high school (class 10-11, SMA); Incomplete high school (completed high school grades 10-11), Did not fini",,
,7,"Finished High School (class 12, SMA), Madrasah Aliyah or Sekolah Menengah Kejuruan",,
,8,Diploma programmes (DI thru DIII),,
,9,Diploma programmes (DIV) or Program Sarjana S1 (Bachelors Degree),,
,10,Program Spesialis 1 (Graduate diploma (SI)) and Profesi Doktor (Medical Doctor Diploma),,
,11,Program Master S2 (Masters degree),,
,12,Program Doctor; Specialist S3 program,,
,98,Don't know (DO NOT READ),,
,99,Refused (DO NOT READ),,
d_educ_israel,1,No formal schooling (Preschool or Kindergarten),,
,2,Primary school (grades I-VI),,
,3,Junior high (grades VII-IX),,
,4,Partial Yeshiva,,
,5,High school (NO matriculation certificate),,
,6,Yeshiva (NO matriculation certificate),,
,7,High school (WITH matriculation certificate),,
,8,Yeshiva (WITH matriculation certificate),,
,9,School of Engineering (with a matriculation certificate),,
,10,Pre-academic preparatory programmes (matriculation certificate),,
,11,"Post-secondary (technician, engineer), teacher training (teacher diploma)",,
,12,Kolel,,
,13,First degree - B.A.,,
,14,Second degree - M.A.,,
,15,Doctorate,,
,98,Don't know (DO NOT READ),,
,99,Refused (DO NOT READ),,
d_educ_israel_years,98,Don't know (DO NOT READ),,
,99,Refused (DO NOT READ),,
d_educ_israel_vocational,1,Yes,,
,2,No,,
,8,Don't know (DO NOT READ),,
,9,Refused (DO NOT READ),,
d_educ_italy,1,No educational qualifications,,
,2,Primary School/elementary school,,
,3,"Secondary school, first degree/middle school degree",,
,4,"Secondary school, second degree/high school diploma/”maturity”",,
,5,Professional specialization (vocational school diploma ... [see demographic qq for full wording],,
,6,Three-year degree,,
,7,Master's degree/five year degree/old system degree,,
,8,Specialization postgraduate,,
,98,Don't know (DO NOT READ),,
,99,Refused (DO NOT READ),,
d_educ_japan,1,No formal schooling (Preschool or Kindergarten),,
,2,Elementary school,,
,3,Lower secondary school,,
,4,Upper secondary school,,
,5,College of technology,,
,6,"Junior college (associate degree), special training college (diploma or advanced diploma)",,
,7,Bachelor's degree,,
,8,Master's degree or Juris Doctor,,
,9,Doctors degree,,
,98,Don't know (DO NOT READ),,
,99,Refused (DO NOT READ),,
d_educ_kenya,1,No formal education,,
,2,Early childhood development programme (ECD),,
,3,First stage of primary education (Standards 1 to 6),,
,4,Second stage of primary education (Standards 7 to 8) (KCPE),,
,5,Incomplete secondary school,,
,6,Youth polytechnics programme (Craft trade certificate or technical vocational certificate),,
,7,Secondary education (KCSE),,
,8,High School (Form 6) A level Certificate,,
,9,Technical and industrial vocational education training (TIVET),,
,10,Teacher training; Polytechnics programmes,,
,11,University/Bachelor’s degree,,
,12,Masters/Post graduate degree,,
,13,Doctorate,,
,98,Don't know (DO NOT READ),,
,99,Refused (DO NOT READ),,
d_educ_mexico,1,No formal education,,
,2,Incomplete primary,,
,3,Complete primary,,
,4,Incomplete secondary,,
,5,Complete secondary,,
,6,General bachillerato,,
,7,Commercial career degree,,
,8,Technical career degree,,
,9,Complete preparatory,,
,10,Complete university studies,,
,11,Master's degree,,
,12,Doctorate,,
,98,Don't know (DO NOT READ),,
,99,Refused (DO NOT READ),,
d_educ_netherlands,1,No formal school (preschool or kindergarten),,
,2,Primary school,,
,3,MBO 1 assistant,,
,4,"MAVO / MULO/ Junior general secondary (VAVO-HAVO/VWO - first three grades, VMBO)",,
,5,Senior general secondary (HAVO/VWO - second three grades)/HBS,,
,6,Intermediate Vocational Training (MBO 2/3),,
,7,MBO 4 Specialist (specialist training diploma) / MTS,,
,8,"HBO-einddiploma, WO-bachelor / HTS",,
,9,"WO-doctorandus, HBO / WO-master, beroepsdiploma",,
,10,Doctorate,,
,98,Don't know (DO NOT READ),,
,99,Refused (DO NOT READ),,
d_educ_nigeria,1,No formal education,,
,2,Pre-primary education,,
,3,Primary education,,
,4,Junior secondary,,
,5,Senior secondary,,
,6,Secondary technical schools programmes,,
,7,"National diploma, NCE",,
,8,Higher national diploma,,
,9,Bachelor,,
,10,Master,,
,11,PhD,,
,98,Don't know (DO NOT READ),,
,99,Refused (DO NOT READ),,
d_educ_poland,1,No formal education or incomplete basic,,
,2,"Basic - 6 classes, incomplete junior high school, Basic - 8 classes, incomplete middle school",,
,3,Junior high school,,
,4,Vocational school (2-3 years),,
,5,Completed secondary school (general),,
,6,Completed technical school,,
,7,Completed post-secondary school,,
,8,"Completed bachelor's degree, engineering",,
,9,Completed university studies (master's),,
,10,"Doctoral, doctor, professor",,
,98,Don't know (DO NOT READ),,
,99,Refused (DO NOT READ),,
d_educ_safrica,1,No formal education,,
,2,Incomplete primary school,,
,3,Complete primary school,,
,4,Incomplete lower secondary school,,
,5,Completed lower secondary school / General Education and Training Certificate (GETC),,
,6,Incomplete secondary school,,
,7,Complete secondary / National Senior Certificate (NSC),,
,8,National certificate (vocational NC(V)2 - 4); NATED courses level 1-3 (N1- N3),,
,9,NATED course (N4),,
,10,NATED course (N5),,
,11,NATED course (N6),,
,12,"National Higher Certificate (NC), Advanced Certificate (AC)",,
,13,National Diploma,,
,14,National Diploma or National N Diploma,,
,15,Bachelor’s degree,,
,16,Advanced diploma,,
,17,Honours Degree,,
,18,"High degree (masters, doctorate)",,
,19,Post graduate Diploma,,
,20,Doctorate degree/Laureatus in Technology (Technikon),,
,98,Don't know (DO NOT READ),,
,99,Refused (DO NOT READ),,
d_educ_skorea,1,No formal schooling/kindergarten,,
,2,Incomplete elementary education,,
,3,Elementary school,,
,4,Middle school,,
,5,Vocational high school/Trade high school,,
,6,General high school,,
,7,"Junior college, polytechnic college / associate's degree, college of taxation (2-3 years)",,
,8,Bachelor’s degree (including Korean military academies),,
,9,Master's degree,,
,10,Doctor's degree,,
,98,Don't know (DO NOT READ),,
,99,Refused (DO NOT READ),,
d_educ_spain,1,"No formal education, cannot read or write (illiterate)",,
,2,Less than 5 years of schooling / Childhood Education,,
,3,Did not finish primary school,,
,4,Certificate of Primary / First grade studies (EGB 1 School Certificate Stage 1 plus or minus 10 years),,
,5,Second grade junior (School graduate or EGB stage 2 1st or 2nd year of junior under 14),,
,6,Vocational average degree (certification),,
,7,Second degree second stage ... [see demographic qq for full wording],,
,8,Training cycles advanced (senior technician),,
,9,"University degree (university diploma, technical architect and engineer)",,
,10,"1st Degree (Bachelor, Degree)",,
,11,Master degree,,
,12,"Official qualifications for graduate studies (PhD, medical specialties)",,
,98,Don't know (DO NOT READ),,
,99,Refused (DO NOT READ),,
d_educ_sweden,1,No formal school (preschool or kindergarten),,
,2,"Grundskolan (compulsory school) grades 1-6, including adult basic education",,
,3,Grundskolan (compulsory school) grades 7-9,,
,4,"Upper secondary school, including folkhögskolan, gymnasieskolan",,
,5,National state schools for adults ... [see demographic qq for full wording],,
,6,"Advanced vocational training, 2-3 years",,
,7,"University diploma, general or professional",,
,8,Bachelor's degree,,
,9,"Master's degree, general or professional",,
,10,Licentiate or Doctorate,,
,98,Don't know (DO NOT READ),,
,99,Refused (DO NOT READ),,
d_educ_turkey,1,No formal education,,
,2,Incomplete primary school (completed less than 5 grades),,
,3,Primary school (completed 5 grades),,
,4,Primary school (completed 8 grades),,
,5,Complete junior high school,,
,6,Complete religious vocational secondary school at junior high school level,,
,7,Complete high school,,
,8,Complete vocational school at high school level,,
,9,University/College graduates (completed 2 years of college or 4 years of university studies),,
,10,Master (completed 2 more years after university),,
,11,PhD (completed 4 to 6 more years after university),,
,98,Don't know (DO NOT READ),,
,99,(DO NOT READ) Refused,,
d_educ_uk,1,No qualifications obtained,,
,2,Primary school / infant & junior schools,,
,3,GCSE /CSE/GCE O-level (any grades) ... [see demographic qq for full wording],,
,4,A-levels; S-levels; A2-level; GCE Applied A-level ... [see demographic qq for full wording],,
,5,"NVQ 4, Higher National Certificate (HNC), Nursing Certificate",,
,6,Foundation degree/HND/Higher Education Diploma/ NVQ5,,
,7,University (Bachelor's degree); undergraduate,,
,8,University (Master’s degree); post-graduate,,
,9,"University (Doctorate, PHD)",,
,98,Don't know (DO NOT READ),,
,99,Refused (DO NOT READ),,
d_income_argentina,1,Up to and including $150.000,,
,2,From $150.001 to $175.000,,
,3,From $175.001 to $200.000,,
,4,From $200.001 to $250.000,,
,5,From $250.001 to $300.000,,
,6,From $300.001 to $400.000,,
,7,From $400.001 to $500.000,,
,8,From $500.001 to $600.000,,
,9,From $600.001 to $800.000,,
,10,From $800.001 to $1.000.000 ,,
,11,From $1.000.001 to $1.500.000,,
,12,More than $1.500.000,,
,13,DOES NOT HAVE INCOME (DO NOT READ),,
,98,Don't know (DO NOT READ),,
,99,Refused (DO NOT READ),,
d_income2_argentina,1,$400.000 monthly or less,,
,2,More than $400.000 monthly,,
,8,Don't know (DO NOT READ),,
,9,Refused (DO NOT READ),,
d_income_brazil,1,Up to R$ 600,,
,2,R$ 601 to R$ 1.200,,
,3,R$ 1.201 to R$ 1.800,,
,4,R$ 1.801 to R$ 2.400,,
,5,R$ 2.401 to R$ 3.000,,
,6,R$ 3.001 to R$ 3.600,,
,7,R$ 3.601 to R$ 4.800,,
,8,R$ 4.801 to R$ 6.000,,
,9,R$ 6.001 to R$ 8.400,,
,10,R$ 8.401 to R$ 12.000,,
,11,R$ 12.001 to R$ 18.000,,
,12,More than R$ 18.000,,
,13,No income (DO NOT READ),,
,98,Don't know (DO NOT READ),,
,99,Refused (DO NOT READ),,
d_income2_brazil,1,R$ 2.400 monthly or less,,
,2,More than R$ 2.400 monthly,,
,8,Don't know (DO NOT READ),,
,9,Refused (DO NOT READ),,
d_income_canada,1,"Up to $25,000",,
,2,"$25,001 to $35,000",,
,3,"$35,001 to $45,000",,
,4,"$45,001 to $55,000",,
,5,"$55,001 to $65,000",,
,6,"$65,001 to $75,000",,
,7,"$75,001 to $85,000",,
,8,"$85,001 to $105,000",,
,9,"$105,001 to $125,000",,
,10,"$125,001 to $155,000",,
,11,"More than $155,000",,
,98,Don't know (DO NOT READ),,
,99,Refused (DO NOT READ),,
d_income2_canada,1,"$65,000 annually or less",,
,2,"More than $65,000 annually",,
,8,Don't know (DO NOT READ),,
,9,Refused (DO NOT READ),,
d_income_france,1,"From 0 to 1,000 euros per month",,
,2,"From 1,001 to 1,250 euros per month",,
,3,"From 1,251 to 1,500 euros per month",,
,4,"From 1,501 to 1,850 euros per month",,
,5,"From 1,851 to 2,150 euros per month",,
,6,"From 2,151 to 2,650 euros per month",,
,7,"From 2,651 to 3,150 euros per month",,
,8,"From 3,151 to 3,900 euros per month",,
,9,"From 3,901 to 4,650 euros per month",,
,10,"More than 4,650 euros per month",,
,98,Don't know (DO NOT READ),,
,99,Refused (DO NOT READ),,
d_income2_france,1,"2,150 euros monthly or less",,
,2,"More than 2,150 euros monthly",,
,8,Don't know (DO NOT READ),,
,9,Refused (DO NOT READ),,
d_income_germany,1,"0 to 1,000 euros per month",,
,2,"1,001 to 1,500 euros",,
,3,"1,501 to 1,750 euros",,
,4,"1,751 to 2,000 euros",,
,5,"2,001 to 2,300 euros",,
,6,"2,301 to 2,800 euros",,
,7,"2,801 to 3,300 euros",,
,8,"3,301 to 4,000 euros",,
,9,"4,001 to 5,000 euros",,
,10,"More than 5,000 euros",,
,98,Don't know (DO NOT READ),,
,99,Refused (DO NOT READ),,
d_income2_germany,1,"2,800 euros monthly or less",,
,2,"More than 2,800 euros monthly",,
,8,Don't know (DO NOT READ),,
,9,Refused (DO NOT READ),,
d_income_greece,1,450 euros or less,,
,2,451 to 600 euros,,
,3,601 to 750 euros,,
,4,751 to 900 euros,,
,5,"901 to 1,100 euros",,
,6,"1,101 to 1,300 euros",,
,7,"1,301 to 1,800 euros",,
,8,"1,801 to 2,000 euros",,
,9,"2,001 to 2,500 euros",,
,10,"More than 2,500 euros",,
,98,Don't know (DO NOT READ),,
,99,Refused (DO NOT READ),,
d_income2_greece,1,"1,300 euros monthly or less",,
,2,"More than 1,300 euros monthly",,
,8,Don't know (DO NOT READ),,
,9,Refused (DO NOT READ),,
d_income_hungary,1,"0 to 150,000 HUF",,
,2,"150,001 to 200,000 HUF",,
,3,"200,001 to 250,000 HUF",,
,4,"250,001 to 300,000 HUF",,
,5,"300,001 to 350,000 HUF",,
,6,"350,001 to 400,000 HUF",,
,7,"400,001 to 450,000 HUF",,
,8,"450,001 to 500,000 HUF",,
,9,"500,001 to 550,000 HUF",,
,10,"550,001 to 600,000 HUF",,
,11,"600,001 to 700,000 HUF",,
,12,"700,001 to 800,000 HUF",,
,13,"More than 800,000 HUF",,
,98,Don't know (DO NOT READ),,
,99,Refused (DO NOT READ),,
d_income2_hungary,1,"450,000 HUF monthly or less",,
,2,"More than 450,000 HUF monthly",,
,8,Don't know (DO NOT READ),,
,9,Refused (DO NOT READ),,
d_income_india,1,"Up to Rs. 1,500 per month",,
,2,"Rs. 1,501 to Rs. 3,500",,
,3,"Rs. 3,501 to Rs. 5,500",,
,4,"Rs. 5,501 to Rs. 6,500",,
,5,"Rs. 6,501 to Rs. 8,500",,
,6,"Rs. 8,501 to Rs. 10,000",,
,7,"Rs. 10,001 to Rs. 15,000",,
,8,"Rs. 15,001 to Rs. 20,000",,
,9,"Rs. 20,001 to Rs. 40,000",,
,10,"Rs. 40,001 and above",,
,98,Don't know (DO NOT READ),,
,99,Refused (DO NOT READ),,
d_income2_india,1,"8,500 rupees monthly  or less",,
,2,"More than 8,500 rupees monthly",,
,8,Don't know (DO NOT READ),,
,9,Refused (DO NOT READ),,
d_income_indonesia,1,"Rp 500,000 monthly or less",,
,2,"Rp 500,001 to Rp 1,000,000",,
,3,"Rp 1,000,001 to Rp 1,500,000",,
,4,"Rp 1,500,001 to Rp 1,750,000",,
,5,"Rp 1,750,001 to Rp 2,000,000",,
,6,"Rp 2,000,001 to Rp 2,500,000",,
,7,"Rp 2,500,001 to Rp 3,000,000",,
,8,"Rp 3,000,001 to Rp 4,000,000",,
,9,"Rp 4,000,001 to Rp 6,000,000",,
,10,"Rp 6,000,001 to Rp 8,000,000",,
,11,"Rp 8,000,001 to Rp 10,000,000",,
,12,"More than Rp 10,000,000",,
,98,Don't know (DO NOT READ),,
,99,Refused (DO NOT READ),,
d_income2_indonesia,1,"2,500,000 monthly or less",,
,2,"More than 2,500,000 monthly",,
,8,Don't know (DO NOT READ),,
,9,Refused (DO NOT READ),,
d_income_israel,1,"Up to 5,000 NIS per month",,
,2,"5,001 to 7,000",,
,3,"7,001 to 9,000",,
,4,"9,001 to 11,000",,
,5,"11,001 to 13,000",,
,6,"13,001 to 14,000",,
,7,"14,001 to 17,000",,
,8,"17,001 to 20,000",,
,9,"Over 20,000 NIS",,
,98,Don't know (DO NOT READ),,
,99,Refused (DO NOT READ),,
d_income2_israel,1,"13,000 Israeli shekels monthly or less",,
,2,"More than 13,000 Israeli shekels monthly",,
,8,Don't know (DO NOT READ),,
,9,Refused (DO NOT READ),,
d_income_italy,1,500 euros or less,,
,2,501 - 750 euros,,
,3,"751 - 1,000 euros",,
,4,"1,001 - 1,250 euros",,
,5,"1,251 - 1,500 euros",,
,6,"1,501 - 1,750 euros",,
,7,"1,751 - 2,000 euros",,
,8,"2,001 - 2,500 euros",,
,9,"2,501 - 4,000 euros",,
,10,"More than 4,000 euros",,
,98,Don't know (DO NOT READ),,
,99,Refused (DO NOT READ),,
d_income2_italy,1,"1,500 euros monthly or less",,
,2,"More than 1,500 euros monthly",,
,8,Don't know (DO NOT READ),,
,9,Refused (DO NOT READ),,
d_income_japan,1,"Less than 1,000,000 yen",,
,2,"1,000,001 to 2,000,000 yen",,
,3,"2,000,001 to 2,500,000 yen",,
,4,"2,500,001 to 3,000,000 yen",,
,5,"3,000,001 to 3,500,000 yen",,
,6,"3,500,001 to 3,750,000 yen",,
,7,"3,750,001 to 4,500,000 yen",,
,8,"4,500,001 to 5,500,000 yen",,
,9,"5,500,001 to 6,500,000 yen",,
,10,"6,500,001 to 8,000,000 yen",,
,11,"8,000,001 to 10,000,000 yen",,
,12,"More than 10,000,000 yen",,
,98,Don't know (DO NOT READ),,
,99,Refused (DO NOT READ),,
d_income2_japan,1,"3,750,000 yen annually or less",,
,2,"More than 3,750,000 yen annually",,
,8,Don't know (DO NOT READ),,
,9,Refused (DO NOT READ),,
d_income_kenya,1,"0 - 400 shillings per month (0 – 4,800 per year)",,
,2,"401 - 800 shillings per month (4,801 – 9,600 per year)",,
,3,"801 - 1,200 shillings per month (9,601 – 14,400  per year)",,
,4,"1,201 - 2,000 shillings per month (14,001 – 24,000 per year)",,
,5,"2,001 - 3,500 shillings per month (24,001 – 42,000 per year)",,
,6,"3,501 - 5,000 shillings per month (42,001 – 60,000 per year)",,
,7,"5,001 - 7,500 shillings per month (60,001 – 90,000 per year)",,
,8,"7,501 - 10,000 shillings per month (90,001 - 120,000 per year)",,
,9,"10,001 - 12,500 shillings per month (120,001 – 150,000 per year)",,
,10,"12,501 - 20,000 shillings per month (150,001 – 240,000 per year)",,
,11,"20,001 – 40,000 shillings per month (240,001 – 480,000 per year)",,
,12,"40,001 or more shillings per month (480,001 or more per year)",,
,98,Don't know (DO NOT READ),,
,99,Refused (DO NOT READ),,
d_income2_kenya,1,"5,000 shillings per month (60,000 per year)  or less",,
,2,"More than 5,000 shillings per month (60,000 per year)",,
,8,Don't know (DO NOT READ),,
,9,Refused (DO NOT READ),,
d_income_mexico,1,"0 to 1,350 pesos",,
,2,"1,351 to 2,700 pesos",,
,3,"2,701 to 4,050 pesos",,
,4,"4,051 to 5,400 pesos",,
,5,"5,401 to 6,750 pesos",,
,6,"6,751 to 8,100 pesos",,
,7,"8,101 to 10,800 pesos",,
,8,"10,801 to 13,050 pesos",,
,9,"More than 13,050 pesos",,
,98,Don't know (DO NOT READ),,
,99,Refused (DO NOT READ),,
d_income2_mexico,1,"5,400 pesos monthly  or less",,
,2,"More than 5,400 pesos monthly",,
,8,Don't know (DO NOT READ),,
,9,Refused (DO NOT READ),,
d_income_netherlands,1,"0 to 1,600 euros per month",,
,2,"1,601 to 2,000 euros",,
,3,"2,001 to 2,400 euros",,
,4,"2,401 to 3,000 euros",,
,5,"3,001 to 3,600 euros",,
,6,"3,601 to 4,200 euros",,
,7,"4,201 to 5,000 euros",,
,8,"5,001 to 5,800 euros",,
,9,"More than 5,800 euros",,
,98,Don't know (DO NOT READ),,
,99,Refused (DO NOT READ),,
d_income2_netherlands,1,2800 euros monthly or less,,
,2,More than 2800 euros monthly,,
,8,Don't know (DO NOT READ),,
,9,Refused (DO NOT READ),,
d_income_nigeria,1,"N0 - 5,000",,
,2,"N5,001 - 10,000",,
,3,"N10,001 - 15,000",,
,4,"N15,001 - 20,000",,
,5,"N20,001 - 25,000",,
,6,"N25,001 - 30,000",,
,7,"N30,001 - 40,000",,
,8,"N40,001 - 50,000",,
,9,"N50,001 - 75,000",,
,10,"N75,001 - 100,000",,
,11,"Above N100,000",,
,98,Don't know (DO NOT READ),,
,99,Refused (DO NOT READ),,
d_income2_nigeria,1,"N40,000 monthly or less",,
,2,"More than N40,000 monthly",,
,8,Don't know (DO NOT READ),,
,9,Refused (DO NOT READ),,
d_income_poland,1,"2,500 or less PLN per month",,
,2,"2,501 to 3,000 PLN",,
,3,"3,001 to 3,500 PLN",,
,4,"3,501 to 4,500 PLN",,
,5,"4,501 to 5,500 PLN",,
,6,"5,501 to 7,000 PLN",,
,7,"7,001 to 9,000 PLN",,
,8,"9,001 to 12,000 PLN",,
,9,"12,001 to 14,000 PLN",,
,10,"More than 14,000 PLN",,
,98,Don't know (DO NOT READ),,
,99,Refused (DO NOT READ),,
d_income2_poland,1,"5,500 PLN monthly or less",,
,2,"More than 5,500 PLN monthly",,
,98,Don't know (DO NOT READ),,
,99,Refused (DO NOT READ),,
d_income_safrica,1,R1 to R750,,
,2,"R751 to R1,000",,
,3,"R1,001 to R1,250",,
,4,"R1,251 to R1,500",,
,5,"R1,501 to R2,000",,
,6,"R2,001 to R2,500",,
,7,"R2,501 to R3,000",,
,8,"R3,001 to R4,500",,
,9,"R4,501 to R8,000",,
,10,"R8,001 to R14,000",,
,11,"More than R14,000",,
,12,No income,,
,98,Don't know (DO NOT READ),,
,99,Refused (DO NOT READ),,
d_income2_safrica,1,"R2,500 or less",,
,2,"More than R2,500",,
,8,Don't know (DO NOT READ),,
,9,Refused (DO NOT READ),,
d_income_skorea,1,"Up to 1,000,000 Won",,
,2,"1,000,001 to 1,500,000 Won",,
,3,"1,500,001 to 2,000,000 Won",,
,4,"2,000,001 to 2,500,000 Won",,
,5,"2,500,001 to 3,000,000 Won",,
,6,"3,000,001 to 3,500,000 Won",,
,7,"3,500,001 to 4,000,000 Won",,
,8,"4,000,001 to 4,500,000 Won",,
,9,"4,500,001 to 5,000,000 Won",,
,10,"5,000,001 to 6,000,000 Won",,
,11,"6,000,001 to 8,000,000 Won",,
,12,"8,000,001 Won or more",,
,98,Don't know (DO NOT READ),,
,99,Refused (DO NOT READ),,
d_income2_skorea,1,"4,000,000 won monthly or less",,
,2,"More than 4,000,000 won monthly",,
,8,Don't know (DO NOT READ),,
,9,Refused (DO NOT READ),,
d_income_spain,1,Up to 750 Euros per month,,
,2,"751 to 1,000 Euros",,
,3,"1,001 to 1,250 Euros",,
,4,"1,251 to 1,500 Euros",,
,5,"1,501 to 1,750 Euros",,
,6,"1,751 to 2,000 Euros",,
,7,"2,001 to 2,500 Euros",,
,8,"2,501 to 3,000 Euros",,
,9,"3,001 to 3,500 Euros",,
,10,"3,501 to 4,000 Euros",,
,11,"4,001 to 4,500 Euros",,
,12,"More than 4,500 Euros",,
,98,Don't know (DO NOT READ),,
,99,Refused (DO NOT READ),,
d_income2_spain,1,"1,750 euros monthly or less",,
,2,"More than 1,750 euros monthly",,
,8,Don't know (DO NOT READ),,
,9,Refused (DO NOT READ),,
d_income_sweden,1,"Up to 12,000 kronor per month",,
,2,"12,001 to 14,000 kronor",,
,3,"14,001 to 18,000 kronor",,
,4,"18,001 to 22,000 kronor",,
,5,"22,001 to 26,000 kronor",,
,6,"26,001 to 30,000 kronor",,
,7,"30,001 to 35,000 kronor",,
,8,"35,001 to 40,000 kronor",,
,9,"40,001 to 45,000 kronor",,
,10,"45,001 to 50,000 kronor",,
,11,"50,001 to 70,000 kronor",,
,12,"More than 70,000 kronor",,
,98,Don't know (DO NOT READ),,
,99,Refused (DO NOT READ),,
d_income2_sweden,1,"35,000 kronor monthly or less",,
,2,"More than 35,000 kronor monthly",,
,8,Don't know (DO NOT READ),,
,9,Refused (DO NOT READ),,
d_income_turkey,1,"Up to 11,400 TRY per month",,
,2,"11,401 to 14,400 TRY",,
,3,"14,401 to 17,400 TRY",,
,4,"17,401 to 20,400 TRY",,
,5,"20,401 to 23,400 TRY",,
,6,"23,401 to 26,400 TRY",,
,7,"26,401 to 29,400 TRY",,
,8,"29,401 to 32,400 TRY",,
,9,"32,401 to 35,400 TRY",,
,10,"35,401 to 38,400 TRY",,
,11,"38,401 to 41,400 TRY",,
,12,"41,401 TRY or more",,
,98,Don't know (DO NOT READ),,
,99,Refused (DO NOT READ),,
d_income2_turkey,1,"26,400 TRY monthly or less",,
,2,"More than 26,400 TRY monthly",,
,8,Don't know (DO NOT READ),,
,9,Refused (DO NOT READ),,
d_income_uk_cat,1,Annual,,
,2,Monthly,,
,3,Weekly,,
,98,Don't know (DO NOT READ),,
,99,Refused (DO NOT READ),,
d_income_uk_year,1,"£6,500 or less per year",,
,2,"£6,501 to £9,000",,
,3,"£9,001 to £13,500",,
,4,"£13,501 to £18,000",,
,5,"£18,001 to £26,000",,
,6,"£26,001 to £32,500",,
,7,"£32,501 to £40,500",,
,8,"£40,501 to £52,500",,
,9,"£52,501 to £72,000",,
,10,"£72,001 to £84,000",,
,11,"£84,001 to £96,000",,
,12,"More than £96,000",,
,98,Don't know (DO NOT READ),,
,99,Refused (DO NOT READ),,
d_income_uk_month,1,£545 or less per month,,
,2,£546 to £750,,
,3,"£751 to £1,125",,
,4,"£1,126 to £1,500",,
,5,"£1,501 to £2,150",,
,6,"£2,151 to £2,700",,
,7,"£2,701 to £3,375",,
,8,"£3,376 to £4,375",,
,9,"£4,376 to £6,000",,
,10,"£6,001 to £7,000",,
,11,"£7,001 to £8,000",,
,12,"More than £8,000",,
,98,Don't know (DO NOT READ),,
,99,Refused (DO NOT READ),,
d_income_uk_week,1,Up to £125 per week,,
,2,£126 to £175,,
,3,£176 to £260,,
,4,£261 to £345,,
,5,£346 to £500,,
,6,£501 to £625,,
,7,£626 to £775,,
,8,"£776 to £1,010",,
,9,"£1,011 to £1,385",,
,10,"£1,386 to £1,615",,
,11,"£1,616 to £1,850",,
,12,"More than £1,850",,
,98,Don't know (DO NOT READ),,
,99,Refused (DO NOT READ),,
d_income2_uk,1,"40,500 pounds anually / 3,370 pounds monthly / 775 pounds weekly or less",,
,2,"More than 40,500 pounds anually / 3,370 pounds monthly / 775 pounds weekly",,
,8,Don't know (DO NOT READ),,
,9,Refused (DO NOT READ),,
d_caste_india,1,General Category,,
,2,Scheduled Caste,,
,3,Scheduled Tribe,,
,4,Other Backward Class,,
,5,Most Backward Class (DO NOT READ),,
,6,I do not/my religion does not recognize a caste system (DO NOT READ),,
,7,Not a member of any caste/category/class (DO NOT READ),,
,8,Don't know,,
,9,Refused (DO NOT READ),,
d_caste2_india,1,Brahmin,,
,2,Other Forward Caste,,
,3,Neither or just General Category,,
,8,Don't know,,
,9,Refused (DO NOT READ),,
d_ethnicity_israel,1,Jewish,,
,2,Arab,,
,3,Other,,
,8,Don't know,,
,9,Refused (DO NOT READ),,
d_ethnicity_safrica,1,White,,
,2,Black,,
,3,Asian/Indian,,
,4,Coloured,,
,5,Other (UNSPECIFIED),,
,8,Don't know,,
,9,Refused,,
d_hhpeople,97,97+,,
,98,Don't know (DO NOT READ),,
,99,Refused (DO NOT READ),,
d_adults,8,8 or more,,
,98,Don't know (DO NOT READ),,
,99,Refused (DO NOT READ),,
d_ptyid_proximity_argentina,1,Union por la Patria/Peronismo,,
,2,Propuesta Republicana (PRO),,
,3,La Libertad Avanza/Libertarios/Javier Milei,,
,4,Partido Socialista (Socialist Party),,
,5,Movimiento Libres del Sur (Freemen of the South Movement),,
,6,Frente de Izquierda y de Trabajadores - Unidad (Partido de los Trabajadores Socialistas),,
,7,Unión Cívica Radical (UCR),,
,8,Hacemos por Nuestro País,,
,9,Coalición Cívica ARI,,
,10,Cambio Federal,,
,96,Otro (Other),,
,97,Do not feel close to any party,,
,98,No sabe (Don't Know),,
,99,No responde (Refused),,
d_ptyid_proximity_australia,1,Liberal Party (Liberal National Party (LNP) / Country Liberal Party),,
,2,Australian Labor Party,,
,3,The Nationals,,
,5,The Greens,,
,8,Independent,,
,9,Katter's Australian Party,,
,10,United Australia Party (UAP),,
,11,Centre Alliance,,
,13,Pauline Hanson's One Nation,,
,15,Jacqui Lambie Network (JLN),,
,96,Other party (please specify),,
,97,Do not feed close to any party,,
,99,Don't know/Refused,,
d_ptyid_proximity_brazil,1,PL Liberal Party,,
,2,União Brasil,,
,3,MDB Movimento Democratico Brasileiro formally known as PMDB Partido do Movimento Democratico Brasileiro (Brazilian Democ,,
,4,PT Partido dos Trabalhadores (Workers' Party),,
,5,PSDB Partido da Social Democracia Brasileira (Brazilian Social Democracy Party),,
,6,PP Partido Progressista (Progressive Party),,
,7,PDT Partido Democratico Trabalhista (Democratic Labour Party),,
,8,PRD Partido Renovação Democrática (Democratic Renewal Party),,
,9,PSB Partido Socialista Brasileiro (Brazilian Socialist Party),,
,10," Cidadania, formerly: PPS Partido Popular Socialista (Socialist People's Party)",,
,11,PCdoB Partido Comunista do Brasil (Communist Party of Brazil),,
,12,"Republicanos (Republicans), formerly Brazilian Republican Party",,
,13,PV Partido Verde (Green Party),,
,14,PSD Partido Social Democratico (Social Democratic Party),,
,15,PMN Partido da Mobilizacao Nacional (Party of National Mobilization),,
,16,AVANTE Avante formally known as PTdoB Partido Trabalhista do Brasil (Labour Party of Brazil),,
,17,DC - Democracia Cristã formally known as PSDC Partido Social Democrata Cristao (Christian Social Democratic Party),,
,18,SD Solidariedade (Solidarity),,
,19,PODE Podemos,,
,20,PRTB Partido Renovador Trabalhista Brasileiro (Brazilian Labour Renewal Party),,
,21,PSOL Partido Socialismo e Liberdade (Socialism and Liberty Party),,
,22,PMB Partido da Mulher Brasileira (Brazilian Woman Party),,
,23,PSTU Partido Socialista dos Trabalhadores Unificado (United Socialist Workers' Party),,
,24,REDE Rede Sustentabilidade (Sustainability Network),,
,25,PCB Partido Comunista Brasileiro (Brazilian Communist Party),,
,26,PCO Partido da Causa Operaria (Workers' Cause Party),,
,27,NOVO Partido Novo (New Party),,
,28,"AGIR, formerly PTC Partido Trabalhista Cristao (Christian Workers Party)",,
,29,UP Unidade Popular (Popular Unity),,
,96,Outro (Other),,
,97,Do not feel close to any party,,
,98,Nao sabe (Don't know),,
,99,Recusa (Refused),,
d_ptyid_proximity_canada,1,Liberal Party,,
,2,Conservative Party (PC or Progressive Conservative Party),,
,3,New Democratic Party (NDP),,
,4,Bloc Quebecois (QUEBEC ONLY),,
,5,Green Party,,
,6,People's Party of Canada,,
,96,Other,,
,97,Do not feel close to any party,,
,98,Don't know,,
,99,Refused,,
d_ptyid_proximity_france,1,Parti Socialiste (Socialist Party) (PS),,
,2,Les Républicains (The Republicans) (LR),,
,3,National Rally - RN / formerly National Front NF,,
,4,"Renaissance, formerly known as En Marche",,
,5,La France Insoumise (Untamed France),,
,6,Mouvement démocrate (MoDem) / Le Modem (Democratic Movement),,
,7,Europe Écologie / Les Verts (Europe Ecology – the Greens),,
,8,Parti Communiste Français (French Communist Party) (PCF),,
,9,L'Union des Démocrates Indépendants (L’UDI) (Union of Democrats and Independents),,
,10,Lutte Ouvrière (Workers' Struggle) (LO),,
,11,Nouveau Parti Anticapitaliste (New Anticapitalist Party) (NPA),,
,12,Parti de Gauche (Left Party) (PG),,
,13,Génération Écologie (Generation Ecology),,
,14,"Debout la France (DLF) – “Stand up, France”",,
,15,Résistons! (R) – « Let's resist »,,
,16,Union Populaire Républicaine (UPR) – « Popular Republican Union »,,
,17,Horizons,,
,18,"Parti républicain, radical et radical-socialiste (Radical Party)",,
,19,Ensemble!,,
,20,Génération.s,,
,21,Les Centristes (The Centrists),,
,22,Reconquête (Reconquest),,
,96,Other (SPECIFY),,
,97,Do not feel close to any party,,
,98,Don't know,,
,99,Refused,,
d_ptyid_proximity_germany,1,SPD (Social Democratic Party of Germany),,
,2,CDU (Christian Democratic Union of Germany),,
,3,CSU (Christian Social Union in Bavaria),,
,4,"Bündnis 90, Die Grünen (Alliance 90/The Greens)",,
,5,FDP (Free Democratic Party),,
,6,Die Linke (The Left),,
,7,SSW (South Schleswig Voters' Association),,
,8,"AfD, Alternative für Deutschland (Alternative for Germany)",,
,9,Freie Wähler (Free Voters),,
,10,"Gruppe BSW, Bündnis Sahra Wagenknecht",,
,96,Other,,
,97,Do not feel close to any party,,
,98,Don't know,,
,99,Refused,,
d_ptyid_proximity_greece,1,PASOK – Kinima Allagis,,
,2,New Democracy (ND),,
,3,Communist Party of Greece (KKE),,
,4,SYRIZA,,
,5,Course of Freedom (Plefsi Eletherias),,
,6,Greek Solution (Elliniki Lysi) (EL),,
,7,MERA 25,,
,8,Spartans,,
,9,Victory (NIKI),,
,10,New Left (Nea Aristera),,
,11,Voice of Reason (Foni Logikis),,
,96,Other,,
,97,Do not feel close to any party,,
,98,Don't know,,
,99,Refused,,
d_ptyid_proximity_hungary,1,Fidesz-Magyar Polgári Szövetség (Fidesz – Hungarian Civic Alliance),,
,2,Kereszténydemokrata Néppárt (KDNP) (Christian Democratic People's Party),,
,3,Jobbik Magyarországért Mozgalom (Movement for a Better Hungary),,
,4,Demokratikus Koalíció (Democratic Coalition),,
,5,Magyar Szocialista Párt (Hungarian Socialist Party),,
,6,Tisztelet és Szabadság Párt (TISZA – Party of Respect and Liberty),,
,7,LMP -- Lehet Más a Politika (Politics Can Be Different),,
,8,Párbeszéd Magyarországért (Dialogue),,
,9,Magyar Kétfarkú Kutya Párt (MKKP),,
,10,Momentum Mozgalom,,
,11,Igen Szolidaritás Magyarországért Mozgalom (Igen Szolidaritás) – (Yes Solidarity for Hungary Movement),,
,12,Mi Hazánk Mozgalom,,
,13,Új Kezdet – (New Beginning),,
,14,Huxit Párt,,
,15,Második Reformkor (2RK – Second Reform Age),,
,16,A Nép Pártján (Standing with People),,
,96,Other,,
,97,Do not feel close to any party,,
,98,Don't know,,
,99,Refused,,
d_ptyid_proximity_india,1,Aam Aadmi Party (AAP),,
,2,Akali Dal,,
,3,All India Anna Dravida Munnetra Kazhagam (AIADMK),,
,4,All India Majlis-E-Ittehadul Muslimeen (AIMIM/MIM),,
,5,Biju Janata Dal (BJD),,
,6,BJP: Bharatiya Janata Party,,
,7,BSP: Bahujan Samaj Party,,
,8,Communist Party of India (CPI),,
,9,CPI (M): Communist Party of India (Marxist),,
,10,DMDK,,
,11,Dravida Munnetra Kazhagam (DMK),,
,12,Indian National Congress (INC),,
,13,Janata Dal (Secular) (JD (S)),,
,14,Janata Dal United (JDU),,
,15,Jharkland Mukti Morcha (JMM),,
,16,Maharashtra Nav Nirman Sena (MNS),,
,17,Nationalist Congress Party,,
,18,Rashtriya Janata Dal (RJD),,
,19,Shiv Sena,,
,20,SP: Samajwadi Party,,
,21,Telangana Rashtra Samithi,,
,22,Telegu Desham Party (TDP),,
,23,Trinamul Congress,,
,24,Yuvajana Sramika Rythu Congress Party (YSR Congress Party),,
,96,Other,,
,97,Do not feel close to any party,,
,98,Don't know,,
,99,Refused,,
d_ptyid_proximity_indonesia,1,Partai Demokrat (Democratic Party Indonesia),,
,2,Partai Golongan Karya (Party of the Functional Groups) (Golkar),,
,3,Partai Demokrasi Indonesia Perjuangan (Indonesian Democratic Party – Struggle) PDI-P,,
,4,Partai Kebangkitan Bangsa (National Awakening Party) (PKB),,
,5,Partai Persatuan Pembangunan (United Development Party)(PPP),,
,6,Partai Amanat Nasional (National Mandate Party) (PAN),,
,7,Partai Hati Nurani Rakyat (People’s Conscience Party) (Hanura),,
,8,Partai Nasional Demokrat (National Democratic Party) (Nasdem),,
,9,Partai Keadilan Sejahtera (Propserous Justice Party) (PKS),,
,10,Gerindra - Partai Gerakan Indonesia Raya,,
,11,Partai Persatuan Indonesia (Perindo),,
,12,Partai Solidaritas Indonesia (PSI),,
,13,Partai Garda Perubahan Indonesia (Garuda),,
,14,Partai Bulan Bintang (PBB),,
,15,Partai Buruh,,
,16,Partai Gelombang Rakyat Indonesia (Gelora),,
,17,Partai Kebangkitan Nusantara (PKN),,
,18,Partai UMMAT,,
,96,Lainnya (Other),,
,97,Do not feel close to any party,,
,98,Tidak tahu (Don’t know),,
,99,Menolak (Refused),,
d_ptyid_proximity_israel,1,The Consolidation (Likud),,
,2,There is a Future (Yesh Atid),,
,3,The Religious Zionism,,
,4,The State Camp,,
,5,Guardians of the Sephardim (Shas),,
,6,United Torah Judaism (Yahadut Ha'tora),,
,7,Israel is Our Home (Yisrael Beiteinu),,
,8,Ra'am,,
,9,Hadash-Ta'al,,
,10,The Democrats/Labor/Meretz,,
,11,New Hope,,
,12,Balad,,
,13,Otzma Yehudit,,
,14,Noam,,
,96,Other,,
,97,Do not feel close to any party,,
,98,Don't know,,
,99,Refused,,
d_ptyid_proximity_italy,1,Forza Italia (Forward Italy),,
,2,Fratelli d'Italia (Brothers of Italy),,
,3,Lega formerly known as Lega Nord (Northern League),,
,4,Movimento 5 stelle (Five Star Movement),,
,5,Partito Democratico (PD) (Democratic Party),,
,6,+Europa,,
,7,Noi Moderati,,
,8,Alleanza Verdi e Sinistra,,
,9,Italia Viva,,
,10,Italexit per L'italia,,
,11,Unione popolare con De Magistris,,
,12,Mastella noi di Centro,,
,13,"Partito Comunista, PC",,
,14,Azione,,
,15,Democrazia Sovrana Popolare (Sovereign Popular Democracy),,
,96,Other (SPECIFY),,
,97,Do not feel close to any party,,
,98,Don't know,,
,99,Refused,,
d_ptyid_proximity_japan,1,LDP (Liberal Democratic Party),,
,2,DPFP (Democratic Party for the People),,
,3,CDP (Constitutional Democratic Party),,
,5,Komeito,,
,6,JCP (Japanese Communist Party),,
,7,Nippon Ishin no Kai (Japan Innovation Party),,
,8,SDP (Social Democratic Party),,
,9,Okinawa Socialist Masses Party,,
,10,Reiwa Shinsengumi,,
,11,Mintsuku / The Collaborative Party,,
,12,Sanseitō,,
,96,Other,,
,97,Do not feel close to any party,,
,98,Don't know,,
,99,Refused,,
d_ptyid_proximity_kenya,1,Jubilee Party,,
,2,National Super Alliance (NASA coalition),,
,3,ODM - Orange Democratic Movement,,
,4,Wiper Democratic Movement – Kenya,,
,5,KANU - Kenya African National Union,,
,6,UDA - United Democratic Alliance,,
,7,FORD – Kenya,,
,8,ANC - Amani National Congress,,
,9,Patriotic Party,,
,10,Muungano Party,,
,11,Azimio (Azimio la Umoja coalition),,
,96,Other,,
,97,Do not feel close to any party,,
,98,Don't know,,
,99,Refused,,
d_ptyid_proximity_mexico,1,PAN - Partido Accion Nacional (National Action Party),,
,2,PRI - Partido Revolucionario Institucional (Institutional Revolution Party),,
,3,PRD - Partido de la Revolucion Democratica (Party of the Democratic Revolution),,
,4,PT - Partido del Trabajo (Labor Party),,
,5,Partido Verde Ecologista de Mexico (Ecologist Green Party of Mexico),,
,6,Movimiento Ciudadano (Citizens' Movement),,
,7,Nueva Alianza (New Alliance),,
,8,MORENA - Movimiento de Regeneracion Nacional (National Regeneration Movement),,
,96,Otro (Other),,
,97,Do not feel close to any party,,
,98,No sabe (Don't know),,
,99,No contestó (Refused),,
d_ptyid_proximity_netherlands,1,The People's Party for Freedom and Democracy (VVD),,
,2,GroenLinks - Labour Party (GL - PvdA),,
,3,The Party for Freedom (PVV),,
,4,The Christian Democratic Appeal (CDA),,
,5,The Socialist Party (SP),,
,6,Democrats 66 (D66),,
,7,ChristianUnion (CU),,
,8,Reformed Political Party,,
,9,Party for Animals,,
,10,Politieke Beweging Denk (Political Movement Think),,
,11,Forum for Democracy (FvD),,
,12,Volt Netherlands,,
,13,JA21,,
,14,Boer burger beweging (BBB),,
,15,Nieuw Sociaal Contract (NSC),,
,96,Other,,
,97,Do not feel close to any party,,
,98,Don't know,,
,99,Refused,,
d_ptyid_proximity_nigeria,1,All Progressives Congress APC,,
,2,Peoples Democratic Party PDP,,
,3,Labour Party LP,,
,4,African Peoples Alliance APA,,
,5,Allied Congress Party of Nigeria ACPN,,
,6,All Progressive Grand Alliance APGA,,
,7,Alliance for Democracy AD,,
,8,African Democracy Congress ADC,,
,9,People's Party of Nigeria PPN,,
,10,National Conscience Party NCP,,
,11,Action Alliance AA,,
,96,Other,,
,97,Do not feel close to any party,,
,98,Don't know,,
,99,Refused,,
d_ptyid_proximity_poland,1,Confederation,,
,2,Platforma Obywatelska RP (PO) (Civic Platform),,
,3,Polskie Stronnictwo Ludowe (PSL) (Polish People's Party),,
,4,Prawo i Sprawiedliwosc (PiS) (Law and Justice),,
,5,Ruch Narodowy (National Movement),,
,6,Kukiz'15,,
,7,Nowoczesna (Modern),,
,8,Lewica Razem (Left Together),,
,9,The Left,,
,10,Poland 2050 The movement of Szymon Hołownia,,
,11,"Partia Zieloni (PZ, The Greens)",,
,12,"Inicjatywa Polska (iPL, Polish Initiative)",,
,13,OdNowa Rzeczypospolitej Polskiej (OdNowa RP) (Renewal of the Republic of Poland),,
,14,Nowa Nadzieja (NN) (New Hope),,
,96,Other,,
,97,Do not feel close to any party,,
,98,Don't know,,
,99,Refused,,
d_ptyid_proximity_safrica,1,African National Congress (ANC),,
,2,Democratic Alliance (DA),,
,3,Congress of the People (COPE),,
,4,African Christian Democratic Party (ACDP),,
,5,Inkatha Freedom Party (IFP),,
,6,Agang South Africa,,
,7,Economic Freedom Fighters (EFF),,
,8,Freedom Front Plus (FF+/VF+),,
,9,United Democratic Movement (UDM),,
,10,African Independent Congress (AIC),,
,11,African People's Convention (APC),,
,12,National Freedom Party (NFP),,
,13,Pan Africanist Congress (PAC),,
,14,ActionSA,,
,15,uMkhonto weSizwe (MK),,
,96,Other,,
,97,Do not feel close to any party,,
,98,Don't know,,
,99,Refused,,
d_ptyid_proximity_spain,1,Spanish Socialist Workers' Party (PSOE),,
,2,People's Party (PP),,
,3,Podemos (We Can),,
,4,Citizens – Party of the Citizenry (C's),,
,5,Republican Left of Catalonia (ERC),,
,6,Basque Nationalist Party (EAJ/PNV),,
,7,Se Acabó La Fiesta (SALF),,
,8,"Basque Country Unite (EH Bildu): Eusko Alkartasuna (EA), Alternatiba, Sortu",,
,9,Canarian Coalition – Canarian Nationalist Party (CC – PNC),,
,10,Vox (Vox),,
,11,"Galician Nationalist Bloc – Usto Galician Candidacy (BNG-Nos), Anova",,
,12,"Yes to the Future (GBai), Geroa Bai",,
,13,United Left (IU),,
,14,Equo,,
,15,Navarrese People's Union (UPN),,
,16,Regionalist Party of Cantabria (PRC),,
,17,Popular Unity Candidacy (CUP),,
,18,Teruel Exists (TE),,
,19,Together for Catalonia (Junts),,
,20,Catalunya en Comu (Comuns),,
,21,Commitment Coalition (Compromis),,
,22,Movimiento Sumar (SMR),,
,96,Other,,
,97,Do not feel close to any party,,
,98,Don't know,,
,99,Refused,,
d_ptyid_proximity_sweden,1,The Swedish Social Democratic Party,,
,2,The Moderate Party,,
,3,The Sweden Democrats,,
,4,The Green Party,,
,5,The Centre Party,,
,6,The Left Party,,
,7,The Liberals,,
,8,The Christian Democrats,,
,96,Other,,
,97,Do not feel close to any party,,
,98,Don't know,,
,99,Refused,,
d_ptyid_proximity_turkey,1,Justice and Development Party,,
,2,Independent Turkey Party,,
,3,Republican People's Party,,
,4,Democrat Party,,
,5,Democratic Left Party,,
,6,Rights and Freedoms Party,,
,7,People's Liberation Party,,
,8,People's Equality and Democracy Party,,
,9,Nationalist Movement Party,,
,10,Felicity Party,,
,11,Communist Party,,
,12,Homeland Party,,
,13,IYI Party/Good Party,,
,14,Democracy and Progress Party,,
,15,Re-Welfare Party,,
,16,Free Cause Party,,
,17,Turkish Workers' Party,,
,18,Labor Party,,
,19,Victory Party,,
,20,Left Party,,
,21,Justice Union Party,,
,22,Justice Party,,
,23,Motherland Party,,
,24,Grand Unity Party,,
,25,Future Party,,
,26,Young Party,,
,27,Hometown Party,,
,28,Nation Party,,
,96,Other,,
,97,Do not feel close to any party,,
,98,Don't know,,
,99,Refused (DO NOT READ),,
d_ptyid_proximity_uk,1,Labour Party,,
,2,Conservative Party,,
,3,Liberal Democrats,,
,4,Scottish National Party (SNP),,
,5,Plaid Cymru,,
,6,Green Party,,
,7,UK Independence Party (UKIP),,
,8,Sinn Fein,,
,9,Social Democratic and Labour Party,,
,10,Ulster Unionist Party,,
,11,Democratic Unionist Party,,
,12,Reform UK (The Brexit Party),,
,13,Alba party,,
,96,Other,,
,97,Do not feel close to any party,,
,98,Don't know,,
,99,Refused,,
d_ptyid_proximity_lean,1,Yes,,
,2,No,,
,8,Don't know,,
,9,Refused (DO NOT READ),,
d_ptylean_argentina,1,Union por la Patria/Peronismo,,
,2,Propuesta Republicana (PRO),,
,3,La Libertad Avanza/Libertarios/Javier Milei,,
,4,Partido Socialista (Socialist Party),,
,5,Movimiento Libres del Sur (Freemen of the South Movement),,
,6,Frente de Izquierda y de Trabajadores - Unidad (Partido de los Trabajadores Socialistas),,
,7,Unión Cívica Radical (UCR),,
,8,Hacemos por Nuestro País,,
,9,Coalición Cívica ARI,,
,10,Cambio Federal,,
,96,Otro (Other),,
,97,Do not feel close to any party,,
,98,No sabe (Don't Know),,
,99,No responde (Refused),,
d_ptylean_australia,1,Liberal Party (Liberal National Party (LNP) / Country Liberal Party),,
,2,Australian Labor Party,,
,3,The Nationals,,
,5,The Greens,,
,8,Independent,,
,9,Katter's Australian Party,,
,10,United Australia Party (UAP),,
,11,Centre Alliance,,
,13,Pauline Hanson's One Nation,,
,15,Jacqui Lambie Network (JLN),,
,96,Other party (please specify),,
,97,Do not feed close to any party,,
,99,Don't know/Refused,,
d_ptylean_brazil,1,PL Liberal Party,,
,2,União Brasil,,
,3,MDB Movimento Democratico Brasileiro formally known as PMDB Partido do Movimento Democratico Brasileiro (Brazilian Democ,,
,4,PT Partido dos Trabalhadores (Workers' Party),,
,5,PSDB Partido da Social Democracia Brasileira (Brazilian Social Democracy Party),,
,6,PP Partido Progressista (Progressive Party),,
,7,PDT Partido Democratico Trabalhista (Democratic Labour Party),,
,8,PRD Partido Renovação Democrática (Democratic Renewal Party),,
,9,PSB Partido Socialista Brasileiro (Brazilian Socialist Party),,
,10," Cidadania, formerly: PPS Partido Popular Socialista (Socialist People's Party)",,
,11,PCdoB Partido Comunista do Brasil (Communist Party of Brazil),,
,12,"Republicanos (Republicans), formerly Brazilian Republican Party",,
,13,PV Partido Verde (Green Party),,
,14,PSD Partido Social Democratico (Social Democratic Party),,
,15,PMN Partido da Mobilizacao Nacional (Party of National Mobilization),,
,16,AVANTE Avante formally known as PTdoB Partido Trabalhista do Brasil (Labour Party of Brazil),,
,17,DC - Democracia Cristã formally known as PSDC Partido Social Democrata Cristao (Christian Social Democratic Party),,
,18,SD Solidariedade (Solidarity),,
,19,PODE Podemos,,
,20,PRTB Partido Renovador Trabalhista Brasileiro (Brazilian Labour Renewal Party),,
,21,PSOL Partido Socialismo e Liberdade (Socialism and Liberty Party),,
,22,PMB Partido da Mulher Brasileira (Brazilian Woman Party),,
,23,PSTU Partido Socialista dos Trabalhadores Unificado (United Socialist Workers' Party),,
,24,REDE Rede Sustentabilidade (Sustainability Network),,
,25,PCB Partido Comunista Brasileiro (Brazilian Communist Party),,
,26,PCO Partido da Causa Operaria (Workers' Cause Party),,
,27,NOVO Partido Novo (New Party),,
,28,"AGIR, formerly PTC Partido Trabalhista Cristao (Christian Workers Party)",,
,29,UP Unidade Popular (Popular Unity),,
,96,Outro (Other),,
,97,Do not feel close to any party,,
,98,No sabe (Don't know),,
,99,Recusa (Refused),,
d_ptylean_canada,1,Liberal Party,,
,2,Conservative Party (PC or Progressive Conservative Party),,
,3,New Democratic Party (NDP),,
,4,Bloc Quebecois (QUEBEC ONLY),,
,5,Green Party,,
,6,People's Party of Canada,,
,96,Other,,
,97,Do not feel close to any party,,
,98,Don't know,,
,99,Refused,,
d_ptylean_france,1,Parti Socialiste (Socialist Party) (PS),,
,2,Les Républicains (The Republicans) (LR),,
,3,National Rally - RN / formerly National Front NF,,
,4,"Renaissance, formerly known as En Marche",,
,5,La France Insoumise (Untamed France),,
,6,Mouvement démocrate (MoDem) / Le Modem (Democratic Movement),,
,7,Europe Écologie / Les Verts (Europe Ecology – the Greens),,
,8,Parti Communiste Français (French Communist Party) (PCF),,
,9,L'Union des Démocrates Indépendants (L’UDI) (Union of Democrats and Independents),,
,10,Lutte Ouvrière (Workers' Struggle) (LO),,
,11,Nouveau Parti Anticapitaliste (New Anticapitalist Party) (NPA),,
,12,Parti de Gauche (Left Party) (PG),,
,13,Génération Écologie (Generation Ecology),,
,14,"Debout la France (DLF) – “Stand up, France”",,
,15,Résistons! (R) – « Let's resist »,,
,16,Union Populaire Républicaine (UPR) – « Popular Republican Union »,,
,17,Horizons,,
,18,"Parti républicain, radical et radical-socialiste (Radical Party)",,
,19,Ensemble!,,
,20,Génération.s,,
,21,Les Centristes (The Centrists),,
,22,Reconquête (Reconquest),,
,96,Other (SPECIFY),,
,97,Do not feel close to any party,,
,98,Don't know,,
,99,Refused,,
d_ptylean_germany,1,SPD (Social Democratic Party of Germany),,
,2,CDU (Christian Democratic Union of Germany),,
,3,CSU (Christian Social Union in Bavaria),,
,4,"Bündnis 90, Die Grünen (Alliance 90/The Greens)",,
,5,FDP (Free Democratic Party),,
,6,Die Linke (The Left),,
,7,SSW (South Schleswig Voters' Association),,
,8,"AfD, Alternative für Deutschland (Alternative for Germany)",,
,9,Freie Wähler (Free Voters),,
,10,"Gruppe BSW, Bündnis Sahra Wagenknecht",,
,96,Other,,
,97,Do not feel close to any party,,
,98,Don't know,,
,99,Refused,,
d_ptylean_greece,1,PASOK – Kinima Allagis,,
,2,New Democracy (ND),,
,3,Communist Party of Greece (KKE),,
,4,SYRIZA,,
,5,Course of Freedom (Plefsi Eletherias),,
,6,Greek Solution (Elliniki Lysi) (EL),,
,7,MERA 25,,
,8,Spartans,,
,9,Victory (NIKI),,
,10,New Left (Nea Aristera),,
,11,Voice of Reason (Foni Logikis),,
,96,Other,,
,97,Do not feel close to any party,,
,98,Don't know,,
,99,Refused,,
d_ptylean_hungary,1,Fidesz-Magyar Polgári Szövetség (Fidesz – Hungarian Civic Alliance),,
,2,Kereszténydemokrata Néppárt (KDNP) (Christian Democratic People's Party),,
,3,Jobbik Magyarországért Mozgalom (Movement for a Better Hungary),,
,4,Demokratikus Koalíció (Democratic Coalition),,
,5,Magyar Szocialista Párt (Hungarian Socialist Party),,
,6,Tisztelet és Szabadság Párt (TISZA – Party of Respect and Liberty),,
,7,LMP -- Lehet Más a Politika (Politics Can Be Different),,
,8,Párbeszéd Magyarországért (Dialogue),,
,9,Magyar Kétfarkú Kutya Párt (MKKP),,
,10,Momentum Mozgalom,,
,11,Igen Szolidaritás Magyarországért Mozgalom (Igen Szolidaritás) – (Yes Solidarity for Hungary Movement),,
,12,Mi Hazánk Mozgalom,,
,13,Új Kezdet – (New Beginning),,
,14,Huxit Párt,,
,15,Második Reformkor (2RK – Second Reform Age),,
,16,A Nép Pártján (Standing with People),,
,96,Other,,
,97,Do not feel close to any party,,
,98,Don't know,,
,99,Refused,,
d_ptylean_india,1,Aam Aadmi Party (AAP),,
,2,Akali Dal,,
,3,All India Anna Dravida Munnetra Kazhagam (AIADMK),,
,4,All India Majlis-E-Ittehadul Muslimeen (AIMIM/MIM),,
,5,Biju Janata Dal (BJD),,
,6,BJP: Bharatiya Janata Party,,
,7,BSP: Bahujan Samaj Party,,
,8,Communist Party of India (CPI),,
,9,CPI (M): Communist Party of India (Marxist),,
,10,DMDK,,
,11,Dravida Munnetra Kazhagam (DMK),,
,12,Indian National Congress (INC),,
,13,Janata Dal (Secular) (JD (S)),,
,14,Janata Dal United (JDU),,
,15,Jharkland Mukti Morcha (JMM),,
,16,Maharashtra Nav Nirman Sena (MNS),,
,17,Nationalist Congress Party,,
,18,Rashtriya Janata Dal (RJD),,
,19,Shiv Sena,,
,20,SP: Samajwadi Party,,
,21,Telangana Rashtra Samithi,,
,22,Telegu Desham Party (TDP),,
,23,Trinamul Congress,,
,24,Yuvajana Sramika Rythu Congress Party (YSR Congress Party),,
,96,Other,,
,97,Do not feel close to any party,,
,98,Don't know,,
,99,Refused,,
d_ptylean_indonesia,1,Partai Demokrat (Democratic Party Indonesia),,
,2,Partai Golongan Karya (Party of the Functional Groups) (Golkar),,
,3,Partai Demokrasi Indonesia Perjuangan (Indonesian Democratic Party – Struggle) PDI-P,,
,4,Partai Kebangkitan Bangsa (National Awakening Party) (PKB),,
,5,Partai Persatuan Pembangunan (United Development Party)(PPP),,
,6,Partai Amanat Nasional (National Mandate Party) (PAN),,
,7,Partai Hati Nurani Rakyat (People’s Conscience Party) (Hanura),,
,8,Partai Nasional Demokrat (National Democratic Party) (Nasdem),,
,9,Partai Keadilan Sejahtera (Propserous Justice Party) (PKS),,
,10,Gerindra - Partai Gerakan Indonesia Raya,,
,11,Partai Persatuan Indonesia (Perindo),,
,12,Partai Solidaritas Indonesia (PSI),,
,13,Partai Garda Perubahan Indonesia (Garuda),,
,14,Partai Bulan Bintang (PBB),,
,15,Partai Buruh,,
,16,Partai Gelombang Rakyat Indonesia (Gelora),,
,17,Partai Kebangkitan Nusantara (PKN),,
,18,Partai UMMAT,,
,96,Lainnya (Other),,
,97,Do not feel close to any party,,
,98,Tidak tahu (Don’t know),,
,99,Menolak (Refused),,
d_ptylean_israel,1,The Consolidation (Likud),,
,2,There is a Future (Yesh Atid),,
,3,The Religious Zionism,,
,4,The State Camp,,
,5,Guardians of the Sephardim (Shas),,
,6,United Torah Judaism (Yahadut Ha'tora),,
,7,Israel is Our Home (Yisrael Beiteinu),,
,8,Ra'am,,
,9,Hadash-Ta'al,,
,10,The Democrats/Labor/Meretz,,
,11,New Hope,,
,12,Balad,,
,13,Otzma Yehudit,,
,14,Noam ,,
,96,Other,,
,97,Do not feel close to any party,,
,98,Don't know,,
,99,Refused,,
d_ptylean_italy,1,Forza Italia (Forward Italy),,
,2,Fratelli d'Italia (Brothers of Italy),,
,3,Lega formerly known as Lega Nord (Northern League),,
,4,Movimento 5 stelle (Five Star Movement),,
,5,Partito Democratico (PD) (Democratic Party),,
,6,+Europa,,
,7,Noi Moderati,,
,8,Alleanza Verdi e Sinistra,,
,9,Italia Viva,,
,10,Italexit per L'italia,,
,11,Unione popolare con De Magistris,,
,12,Mastella noi di Centro,,
,13,"Partito Comunista, PC",,
,14,Azione,,
,15,Democrazia Sovrana Popolare (Sovereign Popular Democracy),,
,96,Other (SPECIFY),,
,97,Do not feel close to any party,,
,98,Don't know,,
,99,Refused,,
d_ptylean_japan,1,LDP (Liberal Democratic Party),,
,2,DPFP (Democratic Party for the People),,
,3,CDP (Constitutional Democratic Party),,
,5,Komeito,,
,6,JCP (Japanese Communist Party),,
,7,Nippon Ishin no Kai (Japan Innovation Party),,
,8,SDP (Social Democratic Party),,
,9,Okinawa Socialist Masses Party,,
,10,Reiwa Shinsengumi,,
,11,Mintsuku / The Collaborative Party,,
,12,Sanseitō,,
,96,Other,,
,97,Do not feel close to any party,,
,98,Don't know,,
,99,Refused,,
d_ptylean_kenya,1,Jubilee Party,,
,2,National Super Alliance (NASA coalition),,
,3,ODM - Orange Democratic Movement,,
,4,Wiper Democratic Movement – Kenya,,
,5,KANU - Kenya African National Union,,
,6,UDA - United Democratic Alliance,,
,7,FORD – Kenya,,
,8,ANC - Amani National Congress,,
,9,Patriotic Party,,
,10,Muungano Party,,
,11,Azimio (Azimio la Umoja coalition),,
,96,Other,,
,97,Do not feel close to any party,,
,98,Don't know,,
,99,Refused,,
d_ptylean_mexico,1,PAN - Partido Accion Nacional (National Action Party),,
,2,PRI - Partido Revolucionario Institucional (Institutional Revolution Party),,
,3,PRD - Partido de la Revolucion Democratica (Party of the Democratic Revolution),,
,4,PT - Partido del Trabajo (Labor Party),,
,5,Partido Verde Ecologista de Mexico (Ecologist Green Party of Mexico),,
,6,Movimiento Ciudadano (Citizens' Movement),,
,7,Nueva Alianza (New Alliance),,
,8,MORENA - Movimiento de Regeneracion Nacional (National Regeneration Movement),,
,96,Otro (Other),,
,97,Do not feel close to any party,,
,98,No sabe (Don't know),,
,99,No contestó (Refused),,
d_ptylean_netherlands,1,The People's Party for Freedom and Democracy (VVD),,
,2,GroenLinks - Labour Party (GL - PvdA),,
,3,The Party for Freedom (PVV),,
,4,The Christian Democratic Appeal (CDA),,
,5,The Socialist Party (SP),,
,6,Democrats 66 (D66),,
,7,ChristianUnion (CU),,
,8,Reformed Political Party,,
,9,Party for Animals,,
,10,Politieke Beweging Denk (Political Movement Think),,
,11,Forum for Democracy (FvD),,
,12,Volt Netherlands,,
,13,JA21,,
,14,Boer burger beweging (BBB),,
,15,Nieuw Sociaal Contract (NSC),,
,96,Other,,
,97,Do not feel close to any party,,
,98,Don't know,,
,99,Refused,,
d_ptylean_nigeria,1,All Progressives Congress APC,,
,2,Peoples Democratic Party PDP,,
,3,Labour Party LP,,
,4,African Peoples Alliance APA,,
,5,Allied Congress Party of Nigeria ACPN,,
,6,All Progressive Grand Alliance APGA,,
,7,Alliance for Democracy AD,,
,8,African Democracy Congress ADC,,
,9,People's Party of Nigeria PPN,,
,10,National Conscience Party NCP,,
,11,Action Alliance AA,,
,96,Other,,
,97,Do not feel close to any party,,
,98,Don't know,,
,99,Refused,,
d_ptylean_poland,1,Confederation,,
,2,Platforma Obywatelska RP (PO) (Civic Platform),,
,3,Polskie Stronnictwo Ludowe (PSL) (Polish People's Party),,
,4,Prawo i Sprawiedliwosc (PiS) (Law and Justice),,
,5,Ruch Narodowy (National Movement),,
,6,Kukiz'15,,
,7,Nowoczesna (Modern),,
,8,Lewica Razem (Left Together),,
,9,The Left,,
,10,Poland 2050 The movement of Szymon Hołownia,,
,11,"Partia Zieloni (PZ, The Greens)",,
,12,"Inicjatywa Polska (iPL, Polish Initiative)",,
,13,OdNowa Rzeczypospolitej Polskiej (OdNowa RP) (Renewal of the Republic of Poland),,
,14,Nowa Nadzieja (NN) (New Hope),,
,96,Other,,
,97,Do not feel close to any party,,
,98,Don't know,,
,99,Refused,,
d_ptylean_safrica,1,African National Congress (ANC),,
,2,Democratic Alliance (DA),,
,3,Congress of the People (COPE),,
,4,African Christian Democratic Party (ACDP),,
,5,Inkatha Freedom Party (IFP),,
,6,Agang South Africa,,
,7,Economic Freedom Fighters (EFF),,
,8,Freedom Front Plus (FF+/VF+),,
,9,United Democratic Movement (UDM),,
,10,African Independent Congress (AIC),,
,11,African People's Convention (APC),,
,12,National Freedom Party (NFP),,
,13,Pan Africanist Congress (PAC),,
,14,ActionSA,,
,15,uMkhonto weSizwe (MK),,
,96,Other,,
,97,Do not feel close to any party,,
,98,Don't know,,
,99,Refused,,
d_ptylean_spain,1,Spanish Socialist Workers' Party (PSOE),,
,2,People's Party (PP),,
,3,Podemos (We Can),,
,4,Citizens – Party of the Citizenry (C's),,
,5,Republican Left of Catalonia (ERC),,
,6,Basque Nationalist Party (EAJ/PNV),,
,7,Se Acabó La Fiesta (SALF),,
,8,"Basque Country Unite (EH Bildu): Eusko Alkartasuna (EA), Alternatiba, Sortu",,
,9,Canarian Coalition – Canarian Nationalist Party (CC – PNC),,
,10,Vox (Vox),,
,11,"Galician Nationalist Bloc – Usto Galician Candidacy (BNG-Nos), Anova",,
,12,"Yes to the Future (GBai), Geroa Bai",,
,13,United Left (IU),,
,14,Equo,,
,15,Navarrese People's Union (UPN),,
,16,Regionalist Party of Cantabria (PRC),,
,17,Popular Unity Candidacy (CUP),,
,18,Teruel Exists (TE),,
,19,Together for Catalonia (Junts),,
,20,Catalunya en Comu (Comuns),,
,21,Commitment Coalition (Compromis),,
,22,Movimiento Sumar (SMR),,
,96,Other,,
,97,Do not feel close to any party,,
,98,Don't know,,
,99,Refused,,
d_ptylean_sweden,1,The Swedish Social Democratic Party,,
,2,The Moderate Party,,
,3,The Sweden Democrats,,
,4,The Green Party,,
,5,The Centre Party,,
,6,The Left Party,,
,7,The Liberals,,
,8,The Christian Democrats,,
,96,Other,,
,97,Do not feel close to any party,,
,98,Don't know,,
,99,Refused,,
d_ptylean_turkey,1,Justice and Development Party,,
,2,Independent Turkey Party,,
,3,Republican People's Party,,
,4,Democrat Party,,
,5,Democratic Left Party,,
,6,Rights and Freedoms Party,,
,7,People's Liberation Party,,
,8,People's Equality and Democracy Party,,
,9,Nationalist Movement Party,,
,10,Felicity Party,,
,11,Communist Party,,
,12,Homeland Party,,
,13,IYI Party/Good Party,,
,14,Democracy and Progress Party,,
,15,Re-Welfare Party,,
,16,Free Cause Party,,
,17,Turkish Workers' Party,,
,18,Labor Party,,
,19,Victory Party,,
,20,Left Party,,
,21,Justice Union Party,,
,22,Justice Party,,
,23,Motherland Party,,
,24,Grand Unity Party,,
,25,Future Party,,
,26,Young Party,,
,27,Hometown Party,,
,28,Nation Party,,
,96,Other,,
,97,Do not feel close to any party,,
,98,Don't know,,
,99,Refused (DO NOT READ),,
d_ptylean_uk,1,Labour Party,,
,2,Conservative Party,,
,3,Liberal Democrats,,
,4,Scottish National Party (SNP),,
,5,Plaid Cymru,,
,6,Green Party,,
,7,UK Independence Party (UKIP),,
,8,Sinn Fein,,
,9,Social Democratic and Labour Party,,
,10,Ulster Unionist Party,,
,11,Democratic Unionist Party,,
,12,Reform UK (The Brexit Party),,
,13,Alba party,,
,96,Other,,
,97,Do not feel close to any party,,
,98,Don't know,,
,99,Refused,,
political_scale2,0,Extreme left,,
,1,<none>,,
,2,<none>,,
,3,<none>,,
,4,<none>,,
,5,<none>,,
,6,Extreme right,,
,8,Don't know,,
,9,Refused (DO NOT READ),,
political_scale3,0,Extremely progressive,,
,1,<none>,,
,2,<none>,,
,3,<none>,,
,4,<none>,,
,5,<none>,,
,6,Extremely conservative,,
,8,Don't know,,
,9,Refused (DO NOT READ),,
home_phone,1,Yes,,
,2,No,,
,8,Don't know,,
,9,Refused (DO NOT READ),,
working_cell,1,"Yes, have working cell phone",,
,2,"No, do not have a working cell phone",,
,8,Don't know,,
,9,Refused (DO NOT READ),,
trust_people,1,"In general, most people can be trusted",,
,2,"In general, most people cannot be trusted",,
,8,Don't know,,
,9,Refused (DO NOT READ),,
internetfreq,1,Almost constantly,,
,2,Several times a day,,
,3,About once a day,,
,4,Several times a week,,
,5,Less often,,
,6,Or do you not use the internet,,
,8,Don't know,,
,9,Refused (DO NOT READ),,
region_argentina,1,AMBA,,
,2,Center,,
,3,North,,
,4,South,,
,98,Unknown,,
region_australia,1,NSW,,
,2,VIC,,
,3,QLD,,
,4,SA,,
,5,WA,,
,6,TAS,,
,7,NT,,
,8,ACT,,
region_brazil,1,North,,
,2,Northeast,,
,3,Southeast,,
,4,São Paulo,,
,5,South,,
,6,Center West,,
,98,Unknown,,
region_canada,1,Atlantic,,
,2,Quebec,,
,3,Ontario,,
,4,Manitoba - Saskatchewan,,
,5,Alberta,,
,6,British Columbia,,
,7,Montreal,,
,8,Toronto,,
,9,Vancouver,,
,98,Unknown,,
region_france,1,Auvergne-Rhône-Alpes,,
,2,Bourgogne-Franche-Comté,,
,3,Bretagne,,
,4,Centre - Val de Loire,,
,5,Corse,,
,6,Grand Est,,
,7,Hauts-de-France,,
,8,Île-de-France,,
,9,Normandie,,
,10,Nouvelle-Aquitaine,,
,11,Occitanie,,
,12,Pays de la Loire,,
,13,Provence-Alpes-Côte d’Azur,,
,98,Don't know (DO NOT READ),,
,99,Refused (DO NOT READ),,
region_germany,1,Baden-Württemberg,,
,2,Bayern,,
,3,Berlin,,
,4,Brandenburg,,
,5,Bremen,,
,6,Hamburg,,
,7,Hessen,,
,8,Mecklenburg-Vorpommern,,
,9,Niedersachsen,,
,10,Nordrhein-Westfalen,,
,11,Rheinland-Pfalz,,
,12,Saarland,,
,13,Sachsen,,
,14,Sachsen-Anhalt,,
,15,Schleswig-Holstein,,
,16,Thüringen,,
,98,Don't know,,
,99,Refused,,
region_greece,1,Attica,,
,2,Central Greece,,
,3,Central Macedonia,,
,4,Crete,,
,5,East Macedonia and Thrace,,
,6,Epirus,,
,7,Ionian Islands,,
,8,North Aegean,,
,9,Peloponnese,,
,10,South Aegean,,
,11,Thessaly,,
,12,West Greece,,
,13,West Macedonia,,
,98,Don't know,,
,99,Refused,,
region_hungary,1,Bács-Kiskun,,
,2,Baranya,,
,3,Békés,,
,4,Borsod-Abaúj-Zemplén,,
,5,Budapest,,
,6,Csongrád-Csanád,,
,7,Fejér,,
,8,Győr-Moson-Sopron,,
,9,Hajdú-Bihar,,
,10,Heves,,
,11,Jász-Nagykun-Szolnok,,
,12,Komárom-Esztergom,,
,13,Nógrád,,
,14,Pest,,
,15,Somogy,,
,16,Szabolcs-Szatmár-Bereg,,
,17,Tolna,,
,18,Vas,,
,19,Veszprém,,
,20,Zala,,
,98,Don’t know (DO NOT READ),,
,99,Refused (DO NOT READ),,
region_india,1,North,,
,2,East,,
,3,Northeast,,
,4,South,,
,5,West,,
,98,Unknown,,
region_indonesia,1,Main Development Region A (Regions I and II),,
,2,"Western Java (Jakarta, West Java, Banten)",,
,3,"Main Development Region B (Regions III, IV, and V, except Western Java)",,
,4,Main Development Region C (Regions VI and VII),,
,5,"Main Development Region D (Regions VIII, IX and X)",,
,98,Unknown,,
region_israel,1,Center,,
,2,Haifa,,
,3,North,,
,4,South,,
,5,Tel Aviv,,
,6,Jerusalem,,
region_italy,1,Abruzzo,,
,2,Basilicata,,
,3,Calabria,,
,4,Campania,,
,5,Emilia-Romagna,,
,6,Friuli-Venezia Giulia,,
,7,Lazio,,
,8,Liguria,,
,9,Lombardia,,
,10,Marche,,
,11,Molise,,
,12,Piemonte,,
,13,Provincia Autonoma di Bolzano/Bozen,,
,14,Provincia Autonoma di Trento,,
,15,Puglia,,
,16,Sardegna,,
,17,Sicilia,,
,18,Toscana,,
,19,Umbria,,
,20,Valle d’Aosta/Vallée d’Aoste,,
,21,Veneto,,
,98,Don’t know (DO NOT READ),,
,99,Refused (DO NOT READ),,
region_japan,1,Hokkaido / Tohoku,,
,2,Kanto / Koshinetsu,,
,3,Hokuriku / Rest of Chubu,,
,4,Kansai,,
,5,Chugoku / Shikoku,,
,6,Kyushu / Okinawa,,
,98,Unknown,,
region_kenya,1,Region Nairobi,,
,2,Region Central,,
,3,Region Coast,,
,4,Region Eastern,,
,5,Region North-Eastern,,
,6,Region Nyanza,,
,7,Region Rift Valley,,
,8,Region Western,,
region_mexico,1,Circunscripcion 1,,
,2,Circunscripcion 2,,
,3,Circunscripcion 3,,
,4,Circunscripcion 4,,
,5,Circunscripcion 5,,
region_netherlands,1,Drenthe,,
,2,Flevoland,,
,3,Friesland,,
,4,Gelderland,,
,5,Groningen,,
,6,Limburg,,
,7,Noord-Brabant,,
,8,Noord-Holland,,
,9,Overijssel,,
,10,Utrecht,,
,11,Zeeland,,
,12,Zuid-Holland,,
,98,Don’t know (DO NOT READ),,
,99,Refused (DO NOT READ),,
region_nigeria,1,North Central,,
,2,North East,,
,3,North West,,
,4,South,,
,5,South East,,
,6,South West,,
region_poland,1,Lower Silesian,,
,2,Kuyavian-Pomeranian,,
,3,Lublin,,
,4,Lubusz,,
,5,Łódź,,
,6,Lesser Poland,,
,7,Masovian,,
,8,Opole,,
,9,Subcarpathian,,
,10,Podlaskie,,
,11,Pomeranian,,
,12,Silesian,,
,13,Świętokrzyskie,,
,14,Warmian-Masurian,,
,15,Greater Poland,,
,16,West Pomeranian,,
,98,Don't know (DO NOT READ),,
,99,Refused (DO NOT READ),,
region_safrica,1,Western Cape,,
,2,Eastern Cape,,
,3,Northern Cape,,
,4,Free State,,
,5,Kwazulu-Natal,,
,6,Northwest,,
,7,Gauteng,,
,8,Mpumalanga,,
,9,Limpopo,,
region_skorea,1,Seoul,,
,2,"Gyeonggi (Incheon, Gyeonggi-do)",,
,3,"Chungcheong (Daejeon, Chungcheongbuk-do, Chungcheongnam-do, Sejong)",,
,4,"Jeolla (Gwangju, Jeollabuk-do, Jeollanam-do, Jeju-do)",,
,5,"Gyeongsang + Gangwon (Busan, Daegu, Ulsan, Gyeongsangbuk-do, Gyeongsangnam-do, Gangwon-do)",,
,98,Unknown,,
region_spain,1,Andalucia,,
,2,Aragon,,
,3,Canarias,,
,4,Cantabria,,
,5,Castilla y Leon,,
,6,Castilla-La Mancha,,
,7,Cataluna,,
,8,Ciudad Autonoma de Ceuta,,
,9,Ciudad Autonoma de Melilla,,
,10,Comunidad de Madrid,,
,11,Comunidad Foral de Navarra,,
,12,Comunidad Valenciana,,
,13,Extremadura,,
,14,Galicia,,
,15,Illes Balears,,
,16,La Rioja,,
,17,Pais Vasco,,
,18,Principado de Asturias,,
,19,Region de Murcia,,
,98,Don’t know (DO NOT READ),,
,99,Refused (DO NOT READ),,
region_sweden,1,Stockholm,,
,2,Östra Mellansverige,,
,3,Småland Med Öarna,,
,4,Sydsverige,,
,5,Västsverige,,
,6,Norra Mellansverige,,
,7,Mellersta Norrland,,
,8,Övre Norrland,,
,98,Unknown,,
region_turkey,1,Istanbul,,
,2,Akdeniz,,
,3,Bati Anadolu,,
,4,Bati Karadeniz,,
,5,Bati Marmara,,
,6,Dogu Karadeniz,,
,7,Dogu Marmara,,
,8,Ege,,
,9,Guneydogu Anadolu,,
,10,Kuzeydogu Anadolu,,
,11,Orta Anadolu,,
,12,Ortadogu Anadolu,,
region_uk,1,North East,,
,2,North West,,
,3,Yorkshire And The Humber,,
,4,East Midlands,,
,5,West Midlands,,
,6,London,,
,7,South East/East of England,,
,8,South West,,
,9,Wales,,
,10,Northern Ireland/Scotland,,
,98,Unknown,,
urbanicity,1,Urban,,
,2,Mixed,,
,3,Rural,,
phone_sample,1,Landline,,
,2,Cell,,